vegetation_pct,building_pct,road_pct,sidewalk_pct,sky_pct,signage_pct,vehicle_pct,pedestrian_pct,street_furniture_pct,green_coverage_pct,building_coverage_pct,sky_visibility_pct,walkability_ratio,visual_clutter_index,filename,area,point_id
66.11,10.66,0.0,23.06,0.0,0.0,0.0,0.0,0.17,66.11,10.66,0.0,1.0,0.17,KAYUTANGAN_ST-01.jpg,KAYUTANGAN,ST-01
69.86,10.53,0.0,19.02,0.0,0.0,0.0,0.0,0.59,69.86,10.53,0.0,1.0,0.59,KAYUTANGAN_ST-02.jpg,KAYUTANGAN,ST-02
48.6,0.0,0.0,18.08,0.0,0.0,0.0,0.0,33.32,48.6,0.0,0.0,1.0,33.32,KAYUTANGAN_ST-03.jpg,KAYUTANGAN,ST-03
62.62,0.56,0.01,30.36,0.0,0.0,0.83,0.0,5.63,62.62,0.56,0.0,0.9998,6.46,KAYUTANGAN_SB-01.jpg,KAYUTANGAN,SB-01
71.14,13.5,0.0,14.96,0.0,0.0,0.0,0.0,0.4,71.14,13.5,0.0,1.0,0.4,KAYUTANGAN_SB-02.jpg,KAYUTANGAN,SB-02
78.28,10.1,0.0,11.45,0.0,0.0,0.0,0.0,0.18,78.28,10.1,0.0,1.0,0.18,KAYUTANGAN_SB-03.jpg,KAYUTANGAN,SB-03
67.07,10.15,0.0,18.16,0.0,0.0,0.0,0.0,4.62,67.07,10.15,0.0,1.0,4.62,KAYUTANGAN_ST-04.jpg,KAYUTANGAN,ST-04
74.17,5.74,0.0,18.35,0.0,0.0,1.41,0.0,0.32,74.17,5.74,0.0,1.0,1.73,KAYUTANGAN_ST-05.jpg,KAYUTANGAN,ST-05
36.92,10.22,0.0,20.72,0.0,0.0,0.06,0.0,32.09,36.92,10.22,0.0,1.0,32.15,KAYUTANGAN_ST-06.jpg,KAYUTANGAN,ST-06
82.78,3.99,0.0,13.1,0.0,0.0,0.0,0.0,0.14,82.78,3.99,0.0,1.0,0.14,KAYUTANGAN_SB-04.jpg,KAYUTANGAN,SB-04
75.2,12.33,0.0,12.43,0.0,0.0,0.0,0.0,0.04,75.2,12.33,0.0,1.0,0.04,KAYUTANGAN_SB-05.jpg,KAYUTANGAN,SB-05
75.15,13.03,0.02,11.27,0.0,0.0,0.16,0.0,0.38,75.15,13.03,0.0,0.9984,0.54,KAYUTANGAN_SB-06.jpg,KAYUTANGAN,SB-06
50.42,27.7,0.0,20.36,0.0,0.0,0.0,0.0,1.53,50.42,27.7,0.0,1.0,1.53,KAYUTANGAN_ST-07.jpg,KAYUTANGAN,ST-07
51.19,34.45,0.0,10.6,0.0,0.0,0.0,0.0,3.76,51.19,34.45,0.0,1.0,3.76,KAYUTANGAN_ST-08.jpg,KAYUTANGAN,ST-08
66.61,3.47,0.02,15.02,4.39,0.0,2.09,0.0,8.4,66.61,3.47,4.39,0.9988,10.49,KAYUTANGAN_ST-09.jpg,KAYUTANGAN,ST-09
61.74,15.36,0.0,8.84,0.0,0.0,0.0,0.0,14.06,61.74,15.36,0.0,1.0,14.06,KAYUTANGAN_SB-07.jpg,KAYUTANGAN,SB-07
50.35,46.98,0.0,1.37,0.0,0.01,0.0,0.0,1.29,50.35,46.98,0.0,0.9999,1.31,KAYUTANGAN_SB-08.jpg,KAYUTANGAN,SB-08
56.8,30.01,0.0,11.29,0.0,0.0,0.0,0.0,1.9,56.8,30.01,0.0,1.0,1.9,KAYUTANGAN_SB-09.jpg,KAYUTANGAN,SB-09
66.82,12.53,0.0,16.4,0.0,0.0,0.62,0.0,3.64,66.82,12.53,0.0,1.0,4.25,KAYUTANGAN_ST-10.jpg,KAYUTANGAN,ST-10
70.54,9.64,0.0,12.9,0.0,0.0,3.17,0.0,3.75,70.54,9.64,0.0,1.0,6.92,KAYUTANGAN_ST-11.jpg,KAYUTANGAN,ST-11
51.79,14.6,0.0,16.24,5.74,0.0,0.27,0.0,11.36,51.79,14.6,5.74,1.0,11.63,KAYUTANGAN_ST-12.jpg,KAYUTANGAN,ST-12
71.9,7.9,0.0,9.94,0.0,0.0,8.31,0.0,1.95,71.9,7.9,0.0,1.0,10.26,KAYUTANGAN_SB-10.jpg,KAYUTANGAN,SB-10
71.9,7.9,0.0,9.94,0.0,0.0,8.31,0.0,1.95,71.9,7.9,0.0,1.0,10.26,KAYUTANGAN_SB-11.jpg,KAYUTANGAN,SB-11
43.08,6.78,0.0,11.21,0.0,0.0,36.43,0.0,2.5,43.08,6.78,0.0,1.0,38.93,KAYUTANGAN_SB-12.jpg,KAYUTANGAN,SB-12
64.04,11.3,0.0,20.24,4.35,0.0,0.01,0.0,0.06,64.04,11.3,4.35,1.0,0.07,KAYUTANGAN_ST-13.jpg,KAYUTANGAN,ST-13
51.98,16.33,0.1,15.08,0.01,0.0,1.88,0.0,14.62,51.98,16.33,0.01,0.9936,16.5,KAYUTANGAN_ST-14.jpg,KAYUTANGAN,ST-14
56.21,14.17,5.24,8.8,0.15,0.0,0.73,0.0,14.7,56.21,14.17,0.15,0.627,15.43,KAYUTANGAN_ST-15.jpg,KAYUTANGAN,ST-15
56.54,15.11,1.52,12.07,0.28,0.01,1.15,0.0,13.33,56.54,15.11,0.28,0.8881,14.49,KAYUTANGAN_SB-13.jpg,KAYUTANGAN,SB-13
58.72,11.69,0.04,16.11,3.09,0.0,0.48,0.0,9.87,58.72,11.69,3.09,0.9973,10.35,KAYUTANGAN_SB-14.jpg,KAYUTANGAN,SB-14
62.54,11.76,0.0,17.88,0.52,0.0,1.34,0.0,5.95,62.54,11.76,0.52,1.0,7.29,KAYUTANGAN_SB-15.jpg,KAYUTANGAN,SB-15
52.78,33.47,0.0,0.74,0.0,0.0,0.02,0.0,12.99,52.78,33.47,0.0,0.9999,13.01,KAYUTANGAN_ST-16.jpg,KAYUTANGAN,ST-16
55.78,0.11,0.01,25.89,0.0,0.0,7.17,0.0,11.05,55.78,0.11,0.0,0.9998,18.22,KAYUTANGAN_ST-17.jpg,KAYUTANGAN,ST-17
51.36,10.05,1.39,24.05,0.0,0.0,0.0,0.0,13.15,51.36,10.05,0.0,0.9453,13.15,KAYUTANGAN_ST-18.jpg,KAYUTANGAN,ST-18
60.08,18.44,0.65,3.7,1.24,0.0,0.2,0.0,15.69,60.08,18.44,1.24,0.8501,15.89,KAYUTANGAN_SB-16.jpg,KAYUTANGAN,SB-16
59.85,8.71,0.05,11.67,0.0,0.0,8.83,0.0,10.89,59.85,8.71,0.0,0.9958,19.72,KAYUTANGAN_SB-17.jpg,KAYUTANGAN,SB-17
60.71,5.57,0.15,20.01,0.0,0.0,1.07,0.0,12.49,60.71,5.57,0.0,0.9927,13.56,KAYUTANGAN_SB-18.jpg,KAYUTANGAN,SB-18
53.56,8.04,0.25,25.54,0.0,0.0,0.0,0.0,12.61,53.56,8.04,0.0,0.9903,12.61,KAYUTANGAN_ST-19.jpg,KAYUTANGAN,ST-19
65.62,6.22,0.0,14.34,0.0,0.0,2.2,0.0,11.61,65.62,6.22,0.0,1.0,13.82,KAYUTANGAN_ST-20.jpg,KAYUTANGAN,ST-20
70.84,9.07,0.0,17.23,0.0,0.0,0.0,0.0,2.86,70.84,9.07,0.0,1.0,2.86,KAYUTANGAN_ST-21.jpg,KAYUTANGAN,ST-21
65.41,7.92,0.9,16.08,0.0,0.0,0.0,0.0,9.7,65.41,7.92,0.0,0.9471,9.7,KAYUTANGAN_SB-19.jpg,KAYUTANGAN,SB-19
63.45,8.35,0.05,16.83,0.0,0.0,0.09,0.0,11.22,63.45,8.35,0.0,0.9967,11.32,KAYUTANGAN_SB-20.jpg,KAYUTANGAN,SB-20
68.91,2.83,0.01,17.61,0.0,0.0,0.33,0.0,10.3,68.91,2.83,0.0,0.9996,10.63,KAYUTANGAN_SB-21.jpg,KAYUTANGAN,SB-21
68.88,8.98,0.0,19.95,0.0,0.0,1.39,0.0,0.81,68.88,8.98,0.0,1.0,2.19,KAYUTANGAN_ST-22.jpg,KAYUTANGAN,ST-22
51.49,11.55,0.0,13.78,0.0,0.0,19.72,0.0,3.47,51.49,11.55,0.0,1.0,23.19,KAYUTANGAN_ST-23.jpg,KAYUTANGAN,ST-23
50.02,8.65,0.0,21.92,0.0,0.0,4.38,0.0,15.03,50.02,8.65,0.0,1.0,19.42,KAYUTANGAN_ST-24.jpg,KAYUTANGAN,ST-24
78.92,9.62,0.0,10.99,0.0,0.0,0.0,0.0,0.47,78.92,9.62,0.0,1.0,0.47,KAYUTANGAN_SB-22.jpg,KAYUTANGAN,SB-22
74.27,0.2,0.0,11.56,0.03,0.0,2.56,0.0,11.39,74.27,0.2,0.03,1.0,13.95,KAYUTANGAN_SB-23.jpg,KAYUTANGAN,SB-23
71.23,11.88,0.0,13.42,0.0,0.0,2.88,0.0,0.59,71.23,11.88,0.0,1.0,3.47,KAYUTANGAN_SB-24.jpg,KAYUTANGAN,SB-24
45.72,0.0,0.0,11.11,0.0,0.0,27.75,0.0,15.42,45.72,0.0,0.0,1.0,43.17,KAYUTANGAN_ST-25.jpg,KAYUTANGAN,ST-25
62.87,6.48,0.0,16.85,0.0,0.0,4.22,0.0,9.58,62.87,6.48,0.0,1.0,13.81,KAYUTANGAN_ST-26.jpg,KAYUTANGAN,ST-26
63.15,0.0,0.0,6.24,0.0,0.0,30.42,0.0,0.19,63.15,0.0,0.0,1.0,30.61,KAYUTANGAN_ST-27.jpg,KAYUTANGAN,ST-27
45.86,10.72,0.0,21.49,0.0,0.0,17.28,0.0,4.66,45.86,10.72,0.0,1.0,21.94,KAYUTANGAN_SB-25.jpg,KAYUTANGAN,SB-25
78.59,0.0,0.0,11.68,0.0,1.71,7.65,0.0,0.37,78.59,0.0,0.0,1.0,9.73,KAYUTANGAN_SB-26.jpg,KAYUTANGAN,SB-26
57.53,5.88,0.0,15.8,0.0,0.0,11.52,0.0,9.28,57.53,5.88,0.0,1.0,20.8,KAYUTANGAN_SB-27.jpg,KAYUTANGAN,SB-27
62.08,9.36,0.0,24.48,0.0,0.0,1.29,0.0,2.8,62.08,9.36,0.0,1.0,4.08,KAYUTANGAN_ST-28.jpg,KAYUTANGAN,ST-28
51.81,19.16,0.1,24.68,0.0,0.0,2.08,0.0,2.17,51.81,19.16,0.0,0.9958,4.25,KAYUTANGAN_ST-29.jpg,KAYUTANGAN,ST-29
47.61,6.02,0.0,21.62,0.0,0.0,1.59,0.0,23.15,47.61,6.02,0.0,1.0,24.74,KAYUTANGAN_ST-30.jpg,KAYUTANGAN,ST-30
61.38,0.0,0.0,11.7,0.0,0.0,26.92,0.0,0.0,61.38,0.0,0.0,1.0,26.92,KAYUTANGAN_SB-28.jpg,KAYUTANGAN,SB-28
61.57,9.14,0.0,23.97,0.0,0.0,0.28,0.0,5.03,61.57,9.14,0.0,1.0,5.31,KAYUTANGAN_SB-29.jpg,KAYUTANGAN,SB-29
60.24,15.23,0.0,22.7,0.0,0.0,0.08,0.0,1.76,60.24,15.23,0.0,1.0,1.84,KAYUTANGAN_SB-30.jpg,KAYUTANGAN,SB-30
69.83,10.77,0.0,16.19,0.0,0.0,0.0,0.0,3.21,69.83,10.77,0.0,1.0,3.21,KAYUTANGAN_UT-01.jpg,KAYUTANGAN,UT-01
75.42,9.45,0.0,8.83,0.0,0.0,0.01,0.0,6.29,75.42,9.45,0.0,1.0,6.3,KAYUTANGAN_UT-02.jpg,KAYUTANGAN,UT-02
52.28,18.85,0.0,22.66,0.0,0.0,0.02,0.0,6.2,52.28,18.85,0.0,1.0,6.21,KAYUTANGAN_UT-03.jpg,KAYUTANGAN,UT-03
59.51,17.11,0.0,20.13,0.0,0.0,0.0,0.0,3.25,59.51,17.11,0.0,1.0,3.25,KAYUTANGAN_UB-01.jpg,KAYUTANGAN,UB-01
62.01,6.71,0.0,29.25,0.0,0.0,0.0,0.0,2.02,62.01,6.71,0.0,1.0,2.02,KAYUTANGAN_UB-02.jpg,KAYUTANGAN,UB-02
68.1,8.0,0.0,16.96,0.0,0.0,0.22,0.0,6.73,68.1,8.0,0.0,1.0,6.95,KAYUTANGAN_UT-04.jpg,KAYUTANGAN,UT-04
77.3,8.4,0.0,13.58,0.0,0.38,0.0,0.0,0.33,77.3,8.4,0.0,1.0,0.71,KAYUTANGAN_UT-05.jpg,KAYUTANGAN,UT-05
63.54,24.78,0.0,9.66,0.0,0.0,0.0,0.0,2.02,63.54,24.78,0.0,1.0,2.02,KAYUTANGAN_UT-06.jpg,KAYUTANGAN,UT-06
64.65,18.24,0.0,15.98,0.0,0.0,0.0,0.0,1.12,64.65,18.24,0.0,1.0,1.12,KAYUTANGAN_UB-04.jpg,KAYUTANGAN,UB-04
52.14,16.94,0.0,21.51,0.0,0.0,0.0,0.0,9.41,52.14,16.94,0.0,1.0,9.41,KAYUTANGAN_UB-05.jpg,KAYUTANGAN,UB-05
77.46,10.28,0.0,8.15,0.0,0.0,1.04,0.0,3.06,77.46,10.28,0.0,1.0,4.1,KAYUTANGAN_UB-06.jpg,KAYUTANGAN,UB-06
62.99,8.92,0.0,15.28,0.0,0.0,1.84,0.0,10.96,62.99,8.92,0.0,1.0,12.81,KAYUTANGAN_UT-07.jpg,KAYUTANGAN,UT-07
77.05,10.61,0.0,10.58,0.0,0.0,0.09,0.0,1.67,77.05,10.61,0.0,1.0,1.76,KAYUTANGAN_UT-08.jpg,KAYUTANGAN,UT-08
56.14,8.69,0.48,11.16,0.0,0.0,0.01,0.0,23.53,56.14,8.69,0.0,0.9591,23.54,KAYUTANGAN_UT-09.jpg,KAYUTANGAN,UT-09
50.46,0.02,0.0,17.85,0.0,0.0,20.1,0.0,11.57,50.46,0.02,0.0,1.0,31.67,KAYUTANGAN_UB-07.jpg,KAYUTANGAN,UB-07
66.55,13.84,0.0,13.62,0.0,0.0,0.0,0.0,5.99,66.55,13.84,0.0,1.0,5.99,KAYUTANGAN_UB-08.jpg,KAYUTANGAN,UB-08
76.51,8.74,0.0,12.87,0.0,0.0,0.0,0.0,1.87,76.51,8.74,0.0,1.0,1.87,KAYUTANGAN_UB-09.jpg,KAYUTANGAN,UB-09
81.49,2.73,0.0,4.96,0.0,0.0,4.41,0.0,6.41,81.49,2.73,0.0,1.0,10.82,KAYUTANGAN_UT-10.jpg,KAYUTANGAN,UT-10
72.8,4.59,0.01,11.96,0.0,0.0,1.55,0.0,9.09,72.8,4.59,0.0,0.999,10.64,KAYUTANGAN_UT-11.jpg,KAYUTANGAN,UT-11
62.37,16.73,0.0,12.55,0.0,0.0,1.19,0.0,7.16,62.37,16.73,0.0,1.0,8.35,KAYUTANGAN_UT-12.jpg,KAYUTANGAN,UT-12
75.78,7.02,0.0,10.74,0.0,0.0,4.86,0.0,1.6,75.78,7.02,0.0,1.0,6.46,KAYUTANGAN_UB-10.jpg,KAYUTANGAN,UB-10
73.64,15.4,0.0,10.08,0.0,0.0,0.46,0.0,0.42,73.64,15.4,0.0,1.0,0.88,KAYUTANGAN_UB-11.jpg,KAYUTANGAN,UB-11
69.6,6.68,0.0,6.52,0.0,0.0,4.41,0.0,12.79,69.6,6.68,0.0,1.0,17.2,KAYUTANGAN_UB-12.jpg,KAYUTANGAN,UB-12
64.54,11.42,0.0,18.18,0.0,0.0,0.03,0.0,5.83,64.54,11.42,0.0,1.0,5.86,KAYUTANGAN_UT-13.jpg,KAYUTANGAN,UT-13
76.43,5.75,0.0,9.49,0.0,0.0,4.76,0.0,3.57,76.43,5.75,0.0,1.0,8.33,KAYUTANGAN_UT-14.jpg,KAYUTANGAN,UT-14
70.02,13.76,0.0,15.45,0.0,0.0,0.02,0.0,0.74,70.02,13.76,0.0,1.0,0.76,KAYUTANGAN_UT-15.jpg,KAYUTANGAN,UT-15
59.42,0.99,0.0,20.51,0.0,0.0,11.06,0.0,8.03,59.42,0.99,0.0,1.0,19.09,KAYUTANGAN_UB-13.jpg,KAYUTANGAN,UB-13
55.91,15.3,0.0,26.9,0.07,0.0,0.0,0.0,1.81,55.91,15.3,0.07,1.0,1.81,KAYUTANGAN_UB-14.jpg,KAYUTANGAN,UB-14
81.13,1.29,0.0,6.83,0.0,0.0,2.11,0.0,8.64,81.13,1.29,0.0,1.0,10.75,KAYUTANGAN_UB-15.jpg,KAYUTANGAN,UB-15
65.06,8.29,0.0,12.59,0.0,0.0,0.0,0.0,14.06,65.06,8.29,0.0,1.0,14.06,KAYUTANGAN_UT-16.jpg,KAYUTANGAN,UT-16
69.31,8.14,0.0,11.88,0.0,0.0,0.0,0.0,10.67,69.31,8.14,0.0,1.0,10.67,KAYUTANGAN_UT-17.jpg,KAYUTANGAN,UT-17
63.93,0.76,0.0,16.67,0.0,0.0,13.76,0.0,4.88,63.93,0.76,0.0,1.0,18.63,KAYUTANGAN_UT-18.jpg,KAYUTANGAN,UT-18
52.92,41.61,0.0,4.44,0.0,0.0,0.0,0.0,1.03,52.92,41.61,0.0,1.0,1.03,KAYUTANGAN_UB-16.jpg,KAYUTANGAN,UB-16
51.42,18.95,0.0,22.17,0.0,0.0,0.0,0.0,7.45,51.42,18.95,0.0,1.0,7.45,KAYUTANGAN_UB-17.jpg,KAYUTANGAN,UB-17
71.64,9.16,0.0,3.22,0.0,0.0,10.96,0.0,5.03,71.64,9.16,0.0,1.0,15.99,KAYUTANGAN_UB-18.jpg,KAYUTANGAN,UB-18
64.38,4.62,0.0,9.19,0.0,0.0,4.7,0.0,17.11,64.38,4.62,0.0,1.0,21.81,KAYUTANGAN_UT-19.jpg,KAYUTANGAN,UT-19
70.25,7.68,0.79,11.31,1.28,0.0,2.26,0.0,6.43,70.25,7.68,1.28,0.9349,8.69,KAYUTANGAN_UT-20.jpg,KAYUTANGAN,UT-20
58.03,12.94,0.0,23.52,0.0,0.0,0.0,0.0,5.51,58.03,12.94,0.0,1.0,5.51,KAYUTANGAN_UT-21.jpg,KAYUTANGAN,UT-21
58.33,15.09,0.0,19.84,0.0,0.0,3.88,0.0,2.86,58.33,15.09,0.0,1.0,6.74,KAYUTANGAN_UB-19.jpg,KAYUTANGAN,UB-19
55.85,8.15,0.0,26.04,0.0,0.0,0.0,0.0,9.97,55.85,8.15,0.0,1.0,9.97,KAYUTANGAN_UB-20.jpg,KAYUTANGAN,UB-20
74.15,1.62,0.0,15.2,0.0,0.0,0.44,0.0,8.58,74.15,1.62,0.0,1.0,9.02,KAYUTANGAN_UB-21.jpg,KAYUTANGAN,UB-21
69.19,8.47,0.05,9.98,0.0,0.0,0.82,0.0,11.49,69.19,8.47,0.0,0.9951,12.31,KAYUTANGAN_UT-22.jpg,KAYUTANGAN,UT-22
62.86,4.27,0.0,10.21,0.0,0.0,0.02,0.0,22.64,62.86,4.27,0.0,1.0,22.66,KAYUTANGAN_UT-23.jpg,KAYUTANGAN,UT-23
55.99,4.28,0.0,25.27,0.0,0.0,0.0,0.0,14.45,55.99,4.28,0.0,1.0,14.45,KAYUTANGAN_UT-24.jpg,KAYUTANGAN,UT-24
49.29,3.14,0.0,32.14,0.0,0.0,0.0,0.0,15.44,49.29,3.14,0.0,1.0,15.44,KAYUTANGAN_UB-22.jpg,KAYUTANGAN,UB-22
50.95,14.69,0.0,23.86,0.0,0.0,0.0,0.0,10.5,50.95,14.69,0.0,1.0,10.5,KAYUTANGAN_UB-23.jpg,KAYUTANGAN,UB-23
67.02,6.63,0.0,9.12,0.0,0.0,0.0,0.0,17.22,67.02,6.63,0.0,1.0,17.22,KAYUTANGAN_UB-24.jpg,KAYUTANGAN,UB-24
46.67,13.73,0.0,31.01,0.0,0.0,0.34,0.0,8.25,46.67,13.73,0.0,1.0,8.59,KAYUTANGAN_UT-25.jpg,KAYUTANGAN,UT-25
60.34,5.91,0.0,19.12,0.0,0.0,0.0,0.0,14.62,60.34,5.91,0.0,1.0,14.62,KAYUTANGAN_UT-26.jpg,KAYUTANGAN,UT-26
61.37,11.18,0.0,21.5,0.0,0.0,0.0,0.0,5.96,61.37,11.18,0.0,1.0,5.96,KAYUTANGAN_UT-27.jpg,KAYUTANGAN,UT-27
58.36,16.43,0.0,23.44,0.0,0.0,0.01,0.0,1.76,58.36,16.43,0.0,1.0,1.78,KAYUTANGAN_UB-25.jpg,KAYUTANGAN,UB-25
46.17,31.94,0.0,12.05,0.0,0.0,0.0,0.0,9.84,46.17,31.94,0.0,1.0,9.84,KAYUTANGAN_UB-26.jpg,KAYUTANGAN,UB-26
48.13,0.38,0.0,21.88,0.0,0.0,0.0,0.0,29.61,48.13,0.38,0.0,1.0,29.61,KAYUTANGAN_UB-27.jpg,KAYUTANGAN,UB-27
65.82,0.62,4.19,21.01,0.0,0.0,1.01,0.0,7.35,65.82,0.62,0.0,0.8336,8.36,KAYUTANGAN_UT-28.jpg,KAYUTANGAN,UT-28
68.15,3.35,2.3,16.3,0.0,0.0,0.16,0.0,9.73,68.15,3.35,0.0,0.8763,9.89,KAYUTANGAN_UT-29.jpg,KAYUTANGAN,UT-29
65.08,12.34,0.0,15.95,0.0,0.0,0.0,0.0,6.64,65.08,12.34,0.0,1.0,6.64,KAYUTANGAN_UT-30.jpg,KAYUTANGAN,UT-30
74.09,1.07,0.0,20.26,0.0,0.0,0.0,0.0,4.58,74.09,1.07,0.0,1.0,4.58,KAYUTANGAN_UB-28.jpg,KAYUTANGAN,UB-28
63.67,7.97,0.15,20.69,0.69,0.0,0.0,0.0,6.84,63.67,7.97,0.69,0.9927,6.84,KAYUTANGAN_UB-29.jpg,KAYUTANGAN,UB-29
60.11,10.85,0.0,14.55,0.0,0.0,0.0,0.0,14.49,60.11,10.85,0.0,1.0,14.49,KAYUTANGAN_UB-30.jpg,KAYUTANGAN,UB-30
60.22,2.16,0.13,23.82,0.0,0.01,0.0,0.0,13.65,60.22,2.16,0.0,0.9944,13.67,KAYUTANGAN_BU-01.jpg,KAYUTANGAN,BU-01
54.33,13.93,0.0,24.3,0.0,0.0,0.05,0.0,7.38,54.33,13.93,0.0,1.0,7.43,KAYUTANGAN_BU-02.jpg,KAYUTANGAN,BU-02
49.38,14.69,0.0,25.96,0.0,0.0,0.0,0.0,9.97,49.38,14.69,0.0,1.0,9.97,KAYUTANGAN_BU-03.jpg,KAYUTANGAN,BU-03
49.24,0.04,0.0,29.91,0.0,0.0,2.04,0.0,18.77,49.24,0.04,0.0,1.0,20.81,KAYUTANGAN_BS-01.jpg,KAYUTANGAN,BS-01
46.09,41.8,0.0,4.39,0.0,0.0,0.0,0.0,7.72,46.09,41.8,0.0,1.0,7.72,KAYUTANGAN_BS-02.jpg,KAYUTANGAN,BS-02
49.85,4.81,0.0,35.08,0.0,0.0,0.0,0.26,10.0,49.85,4.81,0.0,1.0,10.0,KAYUTANGAN_BS-03.jpg,KAYUTANGAN,BS-03
55.59,8.06,0.0,24.82,0.0,0.0,0.0,0.0,11.53,55.59,8.06,0.0,1.0,11.53,KAYUTANGAN_BS-04.jpg,KAYUTANGAN,BS-04
64.92,5.87,0.0,27.14,0.0,0.0,0.05,0.0,2.02,64.92,5.87,0.0,1.0,2.08,KAYUTANGAN_BS-05.jpg,KAYUTANGAN,BS-05
78.64,2.13,0.0,8.32,1.96,0.31,0.05,3.49,5.11,78.64,2.13,1.96,1.0,5.46,KAYUTANGAN_BS-06.jpg,KAYUTANGAN,BS-06
48.36,5.52,0.0,25.54,0.0,0.0,0.0,0.0,20.57,48.36,5.52,0.0,1.0,20.57,KAYUTANGAN_BU-04.jpg,KAYUTANGAN,BU-04
61.28,13.93,0.0,23.05,0.0,0.0,0.0,0.0,1.74,61.28,13.93,0.0,1.0,1.74,KAYUTANGAN_BU-05.jpg,KAYUTANGAN,BU-05
68.96,9.99,0.0,19.72,0.0,0.0,0.0,0.0,1.34,68.96,9.99,0.0,1.0,1.34,KAYUTANGAN_BU-06.jpg,KAYUTANGAN,BU-06
71.31,1.25,0.0,23.99,0.0,0.0,0.1,0.0,3.34,71.31,1.25,0.0,1.0,3.45,KAYUTANGAN_BS-07.jpg,KAYUTANGAN,BS-07
64.49,6.78,0.0,19.67,0.0,0.0,0.0,0.0,9.06,64.49,6.78,0.0,1.0,9.06,KAYUTANGAN_BS-08.jpg,KAYUTANGAN,BS-08
60.41,0.34,0.0,29.99,0.0,0.0,0.0,0.0,9.27,60.41,0.34,0.0,1.0,9.27,KAYUTANGAN_BS-09.jpg,KAYUTANGAN,BS-09
64.29,5.3,0.0,23.74,0.0,0.0,0.0,0.0,6.67,64.29,5.3,0.0,1.0,6.67,KAYUTANGAN_BU-07.jpg,KAYUTANGAN,BU-07
65.25,3.3,0.0,25.56,0.0,0.0,0.0,0.0,5.89,65.25,3.3,0.0,1.0,5.89,KAYUTANGAN_BU-08.jpg,KAYUTANGAN,BU-08
64.6,3.0,0.0,28.56,0.0,0.0,0.0,0.0,3.84,64.6,3.0,0.0,1.0,3.84,KAYUTANGAN_BU-09.jpg,KAYUTANGAN,BU-09
70.89,1.15,0.0,23.78,0.0,0.0,0.0,0.0,4.18,70.89,1.15,0.0,1.0,4.18,KAYUTANGAN_BS-10.jpg,KAYUTANGAN,BS-10
59.92,4.1,0.01,30.41,0.0,0.0,0.48,0.0,5.08,59.92,4.1,0.0,0.9998,5.56,KAYUTANGAN_BS-11.jpg,KAYUTANGAN,BS-11
48.55,4.82,0.01,28.32,0.02,0.0,0.0,0.0,18.27,48.55,4.82,0.02,0.9996,18.27,KAYUTANGAN_BS-12.jpg,KAYUTANGAN,BS-12
49.95,36.19,0.0,2.38,0.0,0.0,0.66,0.0,10.82,49.95,36.19,0.0,1.0,11.48,KAYUTANGAN_BU-10.jpg,KAYUTANGAN,BU-10
64.01,0.32,0.0,30.53,0.0,0.0,0.0,0.0,5.15,64.01,0.32,0.0,1.0,5.15,KAYUTANGAN_BU-11.jpg,KAYUTANGAN,BU-11
57.49,3.47,0.0,29.23,0.0,0.0,1.82,0.0,7.99,57.49,3.47,0.0,1.0,9.81,KAYUTANGAN_BU-12.jpg,KAYUTANGAN,BU-12
61.82,1.73,0.0,29.79,0.0,0.0,0.01,0.0,6.65,61.82,1.73,0.0,1.0,6.66,KAYUTANGAN_BS-13.jpg,KAYUTANGAN,BS-13
53.34,16.57,0.0,24.63,0.0,0.0,0.0,0.0,5.45,53.34,16.57,0.0,1.0,5.45,KAYUTANGAN_BU-13.jpg,KAYUTANGAN,BU-13
63.75,8.72,0.0,14.84,0.0,0.0,0.0,0.0,12.68,63.75,8.72,0.0,1.0,12.68,KAYUTANGAN_TS-01.jpg,KAYUTANGAN,TS-01
41.83,16.23,0.0,13.76,0.0,0.0,11.58,0.13,16.47,41.83,16.23,0.0,1.0,28.05,KAYUTANGAN_TS-02.jpg,KAYUTANGAN,TS-02
69.69,0.25,0.0,20.72,0.47,0.0,0.0,0.0,8.87,69.69,0.25,0.47,1.0,8.87,KAYUTANGAN_TS-03.jpg,KAYUTANGAN,TS-03
58.45,5.63,0.0,31.3,0.0,0.0,0.0,0.0,4.61,58.45,5.63,0.0,1.0,4.61,KAYUTANGAN_TU-01.jpg,KAYUTANGAN,TU-01
59.84,17.61,0.26,15.5,0.0,0.0,0.62,0.0,6.18,59.84,17.61,0.0,0.9833,6.79,KAYUTANGAN_TU-02.jpg,KAYUTANGAN,TU-02
63.79,8.9,0.0,23.51,0.0,0.0,1.18,0.0,2.61,63.79,8.9,0.0,1.0,3.8,KAYUTANGAN_TU-03.jpg,KAYUTANGAN,TU-03
62.66,11.35,0.0,16.12,0.0,0.0,0.0,0.0,9.87,62.66,11.35,0.0,1.0,9.87,KAYUTANGAN_TS-04.jpg,KAYUTANGAN,TS-04
64.8,12.7,0.0,10.16,0.0,0.0,0.0,0.0,12.34,64.8,12.7,0.0,1.0,12.34,KAYUTANGAN_TS-05.jpg,KAYUTANGAN,TS-05
62.49,7.22,0.0,14.96,0.0,0.0,0.0,0.0,15.33,62.49,7.22,0.0,1.0,15.33,KAYUTANGAN_TS-06.jpg,KAYUTANGAN,TS-06
69.98,2.39,0.0,23.03,0.0,0.0,2.15,0.0,2.45,69.98,2.39,0.0,1.0,4.6,KAYUTANGAN_TU-04.jpg,KAYUTANGAN,TU-04
58.68,12.4,0.0,15.19,0.0,0.0,0.0,0.0,13.73,58.68,12.4,0.0,1.0,13.73,KAYUTANGAN_TU-05.jpg,KAYUTANGAN,TU-05
53.86,28.9,0.0,14.31,0.0,0.0,0.13,0.0,2.8,53.86,28.9,0.0,1.0,2.93,KAYUTANGAN_TU-06.jpg,KAYUTANGAN,TU-06
53.06,4.43,0.0,32.23,0.0,0.0,0.05,0.0,10.23,53.06,4.43,0.0,1.0,10.28,KAYUTANGAN_TS-07.jpg,KAYUTANGAN,TS-07
55.05,16.14,0.0,21.96,0.0,0.0,0.0,0.0,6.85,55.05,16.14,0.0,1.0,6.85,KAYUTANGAN_TS-08.jpg,KAYUTANGAN,TS-08
68.0,2.4,0.0,12.36,0.0,0.0,0.0,0.0,17.24,68.0,2.4,0.0,1.0,17.24,KAYUTANGAN_TS-09.jpg,KAYUTANGAN,TS-09
69.34,0.0,0.0,19.85,0.0,0.01,0.0,0.0,10.8,69.34,0.0,0.0,1.0,10.8,KAYUTANGAN_TU-07.jpg,KAYUTANGAN,TU-07
60.73,4.83,0.0,25.24,0.0,0.0,0.18,0.0,9.02,60.73,4.83,0.0,1.0,9.2,KAYUTANGAN_TU-08.jpg,KAYUTANGAN,TU-08
54.84,11.57,0.0,19.73,0.0,0.0,0.0,0.0,13.86,54.84,11.57,0.0,1.0,13.86,KAYUTANGAN_TU-09.jpg,KAYUTANGAN,TU-09
72.78,4.69,0.0,19.15,0.0,0.0,0.0,0.0,3.38,72.78,4.69,0.0,1.0,3.38,KAYUTANGAN_TS-10.jpg,KAYUTANGAN,TS-10
71.5,0.6,0.0,22.17,0.0,0.0,0.0,0.0,5.73,71.5,0.6,0.0,1.0,5.73,KAYUTANGAN_TS-11.jpg,KAYUTANGAN,TS-11
73.19,7.28,0.0,18.37,0.0,0.0,0.0,0.04,1.12,73.19,7.28,0.0,1.0,1.12,KAYUTANGAN_TS-12.jpg,KAYUTANGAN,TS-12
69.48,1.87,0.0,22.94,0.0,0.0,0.02,0.0,5.68,69.48,1.87,0.0,1.0,5.71,KAYUTANGAN_TU-10.jpg,KAYUTANGAN,TU-10
81.59,0.24,0.0,16.11,0.0,0.0,0.0,0.0,2.06,81.59,0.24,0.0,1.0,2.06,KAYUTANGAN_TU-11.jpg,KAYUTANGAN,TU-11
70.56,0.38,0.0,21.56,0.0,0.0,0.0,0.0,7.5,70.56,0.38,0.0,1.0,7.5,KAYUTANGAN_TU-12.jpg,KAYUTANGAN,TU-12
70.15,17.09,0.0,10.05,0.0,0.0,0.0,0.0,2.72,70.15,17.09,0.0,1.0,2.72,KAYUTANGAN_TS-13.jpg,KAYUTANGAN,TS-13
74.44,0.0,0.0,17.82,0.0,0.0,0.0,0.0,7.75,74.44,0.0,0.0,1.0,7.75,KAYUTANGAN_TS-14.jpg,KAYUTANGAN,TS-14
75.91,5.14,0.0,13.84,0.0,0.0,0.0,0.0,5.11,75.91,5.14,0.0,1.0,5.11,KAYUTANGAN_TU-13.jpg,KAYUTANGAN,TU-13
49.24,13.79,0.0,13.1,0.0,0.0,9.28,0.0,14.58,49.24,13.79,0.0,1.0,23.86,KAYUTANGAN_TU-14.jpg,KAYUTANGAN,TU-14
57.2,4.58,0.0,36.11,0.0,0.0,1.07,0.0,1.04,57.2,4.58,0.0,1.0,2.11,KAYUTANGAN_BU-01_2.jpg,KAYUTANGAN,BU-01
73.27,2.22,0.0,13.93,0.0,0.0,7.75,0.0,2.83,73.27,2.22,0.0,1.0,10.58,KAYUTANGAN_BU-02_2.jpg,KAYUTANGAN,BU-02
54.78,5.17,0.0,28.96,0.0,0.0,1.7,0.0,9.39,54.78,5.17,0.0,1.0,11.09,KAYUTANGAN_BU-03_2.jpg,KAYUTANGAN,BU-03
65.59,2.66,0.0,21.0,0.0,0.0,7.53,0.0,3.23,65.59,2.66,0.0,1.0,10.76,KAYUTANGAN_BS-01_2.jpg,KAYUTANGAN,BS-01
64.25,2.5,0.0,19.6,0.0,0.0,3.94,0.02,9.68,64.25,2.5,0.0,1.0,13.62,KAYUTANGAN_BS-02_2.jpg,KAYUTANGAN,BS-02
61.18,0.26,0.0,27.7,0.0,0.0,1.86,0.0,9.0,61.18,0.26,0.0,1.0,10.86,KAYUTANGAN_BS-03_2.jpg,KAYUTANGAN,BS-03
52.92,1.01,0.0,15.67,0.0,0.0,4.11,0.0,26.29,52.92,1.01,0.0,1.0,30.41,KAYUTANGAN_BS-04_2.jpg,KAYUTANGAN,BS-04
51.21,19.64,0.0,12.02,0.0,0.0,0.37,0.0,16.77,51.21,19.64,0.0,1.0,17.14,KAYUTANGAN_BS-05_2.jpg,KAYUTANGAN,BS-05
57.4,2.67,0.0,24.69,0.0,0.0,0.39,0.0,14.84,57.4,2.67,0.0,1.0,15.23,KAYUTANGAN_BS-06_2.jpg,KAYUTANGAN,BS-06
51.02,15.2,0.0,19.27,0.0,0.0,0.0,0.0,14.51,51.02,15.2,0.0,1.0,14.51,KAYUTANGAN_BU-04_2.jpg,KAYUTANGAN,BU-04
62.21,2.5,0.0,19.94,0.0,0.0,0.0,0.0,15.34,62.21,2.5,0.0,1.0,15.34,KAYUTANGAN_BU-05_2.jpg,KAYUTANGAN,BU-05
57.24,14.07,0.0,7.71,0.0,0.0,0.11,0.0,20.86,57.24,14.07,0.0,1.0,20.97,KAYUTANGAN_BU-06_2.jpg,KAYUTANGAN,BU-06
55.07,11.6,0.0,15.7,0.0,0.0,0.31,0.02,17.3,55.07,11.6,0.0,1.0,17.61,KAYUTANGAN_BS-07_2.jpg,KAYUTANGAN,BS-07
70.84,0.13,2.81,20.11,0.0,0.0,0.84,0.0,5.26,70.84,0.13,0.0,0.8773,6.1,KAYUTANGAN_BS-08_2.jpg,KAYUTANGAN,BS-08
59.66,0.07,0.0,29.96,0.0,0.0,0.96,0.0,9.35,59.66,0.07,0.0,1.0,10.31,KAYUTANGAN_BS-09_2.jpg,KAYUTANGAN,BS-09
52.61,8.28,0.01,26.53,0.0,0.0,0.04,0.0,12.54,52.61,8.28,0.0,0.9998,12.58,KAYUTANGAN_BU-07_2.jpg,KAYUTANGAN,BU-07
65.12,0.09,0.65,25.57,0.0,0.0,0.89,0.0,7.68,65.12,0.09,0.0,0.9751,8.57,KAYUTANGAN_BU-08_2.jpg,KAYUTANGAN,BU-08
58.86,0.0,0.0,24.76,0.0,0.0,7.81,0.0,8.57,58.86,0.0,0.0,1.0,16.38,KAYUTANGAN_BU-09_2.jpg,KAYUTANGAN,BU-09
58.95,0.01,0.0,23.39,0.0,0.0,5.79,0.0,11.86,58.95,0.01,0.0,1.0,17.65,KAYUTANGAN_BS-10_2.jpg,KAYUTANGAN,BS-10
70.03,0.06,0.0,13.67,0.0,0.0,0.26,0.0,15.99,70.03,0.06,0.0,1.0,16.24,KAYUTANGAN_BS-11_2.jpg,KAYUTANGAN,BS-11
64.61,0.28,0.0,24.51,0.0,0.0,0.0,0.0,10.6,64.61,0.28,0.0,1.0,10.6,KAYUTANGAN_BS-12_2.jpg,KAYUTANGAN,BS-12
70.52,1.78,0.0,19.9,0.0,0.0,0.22,0.0,7.58,70.52,1.78,0.0,1.0,7.8,KAYUTANGAN_BU-10_2.jpg,KAYUTANGAN,BU-10
51.86,2.58,0.0,25.15,0.02,0.04,0.51,0.27,19.57,51.86,2.58,0.02,1.0,20.12,KAYUTANGAN_BU-11_2.jpg,KAYUTANGAN,BU-11
75.05,0.65,0.0,12.32,0.0,0.0,5.21,0.0,6.78,75.05,0.65,0.0,1.0,11.99,KAYUTANGAN_BU-12_2.jpg,KAYUTANGAN,BU-12
68.22,0.01,0.0,23.22,0.0,0.0,1.45,0.05,7.05,68.22,0.01,0.0,1.0,8.5,KAYUTANGAN_BS-13_2.jpg,KAYUTANGAN,BS-13
62.92,0.19,0.0,19.07,0.0,0.0,1.17,0.0,16.64,62.92,0.19,0.0,1.0,17.82,KAYUTANGAN_BS-14.jpg,KAYUTANGAN,BS-14
66.98,0.13,0.0,23.88,2.48,0.48,0.0,0.03,6.02,66.98,0.13,2.48,1.0,6.5,KAYUTANGAN_BS-15.jpg,KAYUTANGAN,BS-15
63.57,0.41,0.0,15.0,0.0,0.0,2.14,0.0,18.88,63.57,0.41,0.0,1.0,21.01,KAYUTANGAN_BU-13_2.jpg,KAYUTANGAN,BU-13
72.78,1.01,0.0,14.05,0.0,0.0,0.0,0.0,12.16,72.78,1.01,0.0,1.0,12.16,KAYUTANGAN_BU-14.jpg,KAYUTANGAN,BU-14
73.19,0.0,0.0,15.5,0.0,0.0,0.51,0.07,10.73,73.19,0.0,0.0,1.0,11.24,KAYUTANGAN_BU-15.jpg,KAYUTANGAN,BU-15
51.4,1.59,0.0,32.01,0.0,0.0,0.52,0.0,14.48,51.4,1.59,0.0,1.0,15.0,KAYUTANGAN_BS-16.jpg,KAYUTANGAN,BS-16
70.59,0.02,0.0,17.67,0.0,0.0,1.53,0.0,10.18,70.59,0.02,0.0,1.0,11.71,KAYUTANGAN_BS-17.jpg,KAYUTANGAN,BS-17
66.86,0.04,0.0,19.99,0.0,0.0,0.62,0.0,12.49,66.86,0.04,0.0,1.0,13.11,KAYUTANGAN_BS-18.jpg,KAYUTANGAN,BS-18
72.17,0.6,0.02,13.31,0.0,0.0,3.44,0.0,10.46,72.17,0.6,0.0,0.9986,13.9,KAYUTANGAN_BU-16.jpg,KAYUTANGAN,BU-16
76.71,0.31,0.0,13.31,0.0,0.0,1.87,0.0,7.81,76.71,0.31,0.0,1.0,9.67,KAYUTANGAN_BU-17.jpg,KAYUTANGAN,BU-17
67.26,6.21,0.0,18.48,0.0,0.0,0.0,0.0,8.05,67.26,6.21,0.0,1.0,8.05,KAYUTANGAN_BU-18.jpg,KAYUTANGAN,BU-18
65.26,0.0,0.0,16.96,0.0,0.0,0.0,0.0,17.78,65.26,0.0,0.0,1.0,17.78,KAYUTANGAN_BS-19.jpg,KAYUTANGAN,BS-19
71.47,0.02,0.0,20.65,0.0,0.14,1.46,0.73,5.52,71.47,0.02,0.0,1.0,7.13,KAYUTANGAN_BS-20.jpg,KAYUTANGAN,BS-20
57.16,7.37,0.0,24.39,0.0,0.0,0.36,0.0,10.72,57.16,7.37,0.0,1.0,11.08,KAYUTANGAN_BS-21.jpg,KAYUTANGAN,BS-21
64.57,5.49,0.0,18.34,0.0,0.0,0.23,0.0,11.38,64.57,5.49,0.0,1.0,11.6,KAYUTANGAN_BU-19.jpg,KAYUTANGAN,BU-19
64.6,0.05,0.0,23.05,0.0,0.0,1.56,0.0,10.74,64.6,0.05,0.0,1.0,12.3,KAYUTANGAN_BU-20.jpg,KAYUTANGAN,BU-20
57.02,10.71,0.0,16.79,0.0,0.0,0.2,0.0,15.29,57.02,10.71,0.0,1.0,15.48,KAYUTANGAN_BU-21.jpg,KAYUTANGAN,BU-21
64.32,1.96,0.0,24.26,0.0,0.0,0.0,0.0,9.47,64.32,1.96,0.0,1.0,9.47,KAYUTANGAN_BS-22.jpg,KAYUTANGAN,BS-22
54.35,0.31,0.0,19.05,0.0,0.0,3.12,0.0,23.18,54.35,0.31,0.0,1.0,26.3,KAYUTANGAN_BS-23.jpg,KAYUTANGAN,BS-23
69.04,3.04,0.07,22.22,0.0,0.0,0.74,0.0,4.89,69.04,3.04,0.0,0.997,5.63,KAYUTANGAN_BS-24.jpg,KAYUTANGAN,BS-24
60.89,7.46,0.0,15.31,0.0,0.0,4.61,0.0,11.72,60.89,7.46,0.0,1.0,16.33,KAYUTANGAN_BU-22.jpg,KAYUTANGAN,BU-22
53.41,0.27,0.01,30.3,0.0,0.05,0.2,0.0,15.77,53.41,0.27,0.0,0.9998,16.02,KAYUTANGAN_BU-23.jpg,KAYUTANGAN,BU-23
61.52,9.46,0.0,21.94,0.0,0.0,0.0,0.0,7.08,61.52,9.46,0.0,1.0,7.08,KAYUTANGAN_BU-24.jpg,KAYUTANGAN,BU-24
64.67,0.36,0.0,24.17,0.0,0.0,0.95,0.0,9.86,64.67,0.36,0.0,1.0,10.8,KAYUTANGAN_BS-25.jpg,KAYUTANGAN,BS-25
69.38,1.85,0.0,16.75,0.0,0.0,0.0,0.0,12.02,69.38,1.85,0.0,1.0,12.02,KAYUTANGAN_BS-26.jpg,KAYUTANGAN,BS-26
70.94,2.36,0.0,17.28,0.0,0.0,0.11,0.0,9.31,70.94,2.36,0.0,1.0,9.42,KAYUTANGAN_BS-27.jpg,KAYUTANGAN,BS-27
62.85,3.89,0.0,26.93,0.0,0.0,0.76,0.0,5.57,62.85,3.89,0.0,1.0,6.33,KAYUTANGAN_BU-25.jpg,KAYUTANGAN,BU-25
57.8,1.14,0.02,27.42,0.0,0.0,0.0,0.0,13.63,57.8,1.14,0.0,0.9993,13.63,KAYUTANGAN_BU-26.jpg,KAYUTANGAN,BU-26
60.03,5.55,0.0,27.23,0.0,0.0,0.0,0.0,7.18,60.03,5.55,0.0,1.0,7.18,KAYUTANGAN_BU-27.jpg,KAYUTANGAN,BU-27
65.12,15.41,0.81,8.31,0.0,0.0,0.4,0.0,9.94,65.12,15.41,0.0,0.911,10.35,KAYUTANGAN_BS-28.jpg,KAYUTANGAN,BS-28
57.84,1.17,0.0,35.35,0.0,0.0,2.64,0.0,3.0,57.84,1.17,0.0,1.0,5.64,KAYUTANGAN_BS-29.jpg,KAYUTANGAN,BS-29
54.87,5.77,0.0,27.7,0.0,0.0,0.0,0.0,11.65,54.87,5.77,0.0,1.0,11.65,KAYUTANGAN_BS-30.jpg,KAYUTANGAN,BS-30
54.47,6.03,0.0,33.79,0.0,0.0,0.0,0.0,5.71,54.47,6.03,0.0,1.0,5.71,KAYUTANGAN_BU-28.jpg,KAYUTANGAN,BU-28
52.26,2.39,0.0,29.28,0.0,0.0,3.41,0.0,12.65,52.26,2.39,0.0,1.0,16.06,KAYUTANGAN_BU-29.jpg,KAYUTANGAN,BU-29
57.79,19.29,0.08,16.69,0.0,0.0,1.45,0.0,4.71,57.79,19.29,0.0,0.9953,6.16,KAYUTANGAN_BU-30.jpg,KAYUTANGAN,BU-30
53.43,9.42,0.0,28.91,0.0,0.0,1.29,0.0,6.95,53.43,9.42,0.0,1.0,8.23,KAYUTANGAN_BS-31.jpg,KAYUTANGAN,BS-31
65.72,19.08,0.0,7.21,0.0,0.0,0.0,0.0,8.0,65.72,19.08,0.0,1.0,8.0,KAYUTANGAN_BS-32.jpg,KAYUTANGAN,BS-32
57.4,16.87,0.0,20.86,0.0,0.0,0.0,0.0,4.87,57.4,16.87,0.0,1.0,4.87,KAYUTANGAN_BS-33.jpg,KAYUTANGAN,BS-33
49.98,6.83,0.06,32.2,0.0,0.0,1.37,0.0,9.57,49.98,6.83,0.0,0.9981,10.94,KAYUTANGAN_BU-31.jpg,KAYUTANGAN,BU-31
54.29,16.35,0.0,28.23,0.0,0.0,0.0,0.0,1.13,54.29,16.35,0.0,1.0,1.13,KAYUTANGAN_BU-32.jpg,KAYUTANGAN,BU-32
57.31,7.75,0.0,33.02,0.0,0.0,1.43,0.0,0.48,57.31,7.75,0.0,1.0,1.92,KAYUTANGAN_BU-33.jpg,KAYUTANGAN,BU-33
71.27,5.73,0.0,17.64,0.0,0.0,3.59,0.0,1.77,71.27,5.73,0.0,1.0,5.36,KAYUTANGAN_BS-34.jpg,KAYUTANGAN,BS-34
60.31,16.97,0.0,19.43,0.0,0.0,0.06,0.0,3.22,60.31,16.97,0.0,1.0,3.28,KAYUTANGAN_BS-35.jpg,KAYUTANGAN,BS-35
52.72,10.4,0.0,23.8,0.0,0.0,0.0,0.0,13.09,52.72,10.4,0.0,1.0,13.09,KAYUTANGAN_BS-36.jpg,KAYUTANGAN,BS-36
48.94,22.56,0.0,20.49,0.0,0.0,0.06,0.0,7.95,48.94,22.56,0.0,1.0,8.01,KAYUTANGAN_BU-34.jpg,KAYUTANGAN,BU-34
50.95,9.38,0.0,32.9,0.0,0.0,0.02,0.0,6.75,50.95,9.38,0.0,1.0,6.77,KAYUTANGAN_BU-35.jpg,KAYUTANGAN,BU-35
61.8,8.53,0.16,19.79,0.0,0.0,0.99,0.0,8.72,61.8,8.53,0.0,0.9917,9.7,KAYUTANGAN_BU-36.jpg,KAYUTANGAN,BU-36
58.97,2.35,0.0,21.98,0.0,0.0,0.02,0.0,16.68,58.97,2.35,0.0,1.0,16.7,KAYUTANGAN_TS-01_2.jpg,KAYUTANGAN,TS-01
66.52,4.92,0.0,22.42,0.0,0.0,5.58,0.0,0.56,66.52,4.92,0.0,1.0,6.14,KAYUTANGAN_TS-02_2.jpg,KAYUTANGAN,TS-02
58.2,4.51,0.01,31.46,0.0,0.0,0.96,0.0,4.86,58.2,4.51,0.0,0.9998,5.82,KAYUTANGAN_TS-03_2.jpg,KAYUTANGAN,TS-03
53.91,2.58,0.0,15.95,0.0,0.0,18.96,0.0,8.61,53.91,2.58,0.0,1.0,27.57,KAYUTANGAN_TU-01_2.jpg,KAYUTANGAN,TU-01
46.67,35.94,0.0,8.21,0.0,0.0,0.63,0.0,8.54,46.67,35.94,0.0,1.0,9.18,KAYUTANGAN_TU-02_2.jpg,KAYUTANGAN,TU-02
72.28,0.35,0.0,18.86,0.0,0.0,4.17,0.0,4.33,72.28,0.35,0.0,1.0,8.5,KAYUTANGAN_TU-03_2.jpg,KAYUTANGAN,TU-03
47.09,0.84,0.0,22.36,0.0,0.0,5.85,0.0,23.85,47.09,0.84,0.0,1.0,29.7,KAYUTANGAN_TS-04_2.jpg,KAYUTANGAN,TS-04
58.07,7.94,0.0,31.58,0.0,0.0,0.0,0.0,2.4,58.07,7.94,0.0,1.0,2.4,KAYUTANGAN_TS-05_2.jpg,KAYUTANGAN,TS-05
70.56,2.03,0.18,21.86,0.08,0.0,2.15,0.0,3.14,70.56,2.03,0.08,0.992,5.29,KAYUTANGAN_TS-06.png,KAYUTANGAN,TS-06
61.46,8.56,0.0,27.88,0.0,0.0,0.0,0.0,2.1,61.46,8.56,0.0,1.0,2.1,KAYUTANGAN_TU-04_2.jpg,KAYUTANGAN,TU-04
65.46,0.89,0.0,24.34,0.0,0.0,2.42,0.0,6.89,65.46,0.89,0.0,1.0,9.31,KAYUTANGAN_TU-05_2.jpg,KAYUTANGAN,TU-05
50.67,15.91,0.31,21.51,0.0,0.0,0.47,0.0,11.13,50.67,15.91,0.0,0.986,11.6,KAYUTANGAN_TU-06_2.jpg,KAYUTANGAN,TU-06
57.55,8.53,0.0,27.08,0.0,0.0,0.02,0.0,6.82,57.55,8.53,0.0,1.0,6.84,KAYUTANGAN_TS-07_2.jpg,KAYUTANGAN,TS-07
61.49,7.42,0.0,22.64,0.0,0.0,0.0,0.0,8.45,61.49,7.42,0.0,1.0,8.45,KAYUTANGAN_TS-08_2.jpg,KAYUTANGAN,TS-08
66.64,0.88,0.0,27.99,0.0,0.01,0.01,0.0,4.47,66.64,0.88,0.0,1.0,4.49,KAYUTANGAN_TS-09_2.jpg,KAYUTANGAN,TS-09
68.0,2.87,0.0,21.25,0.0,0.0,0.0,0.0,7.89,68.0,2.87,0.0,1.0,7.89,KAYUTANGAN_TU-07_2.jpg,KAYUTANGAN,TU-07
65.65,1.58,0.0,28.25,0.0,0.45,0.0,0.0,4.07,65.65,1.58,0.0,1.0,4.52,KAYUTANGAN_TU-08_2.jpg,KAYUTANGAN,TU-08
63.23,1.72,0.0,27.11,0.0,0.0,3.16,0.0,4.78,63.23,1.72,0.0,1.0,7.93,KAYUTANGAN_TU-09_2.jpg,KAYUTANGAN,TU-09
61.56,1.79,0.0,24.94,0.0,0.0,3.23,0.0,8.47,61.56,1.79,0.0,1.0,11.71,KAYUTANGAN_TS-10_2.jpg,KAYUTANGAN,TS-10
60.57,8.81,0.0,25.04,0.0,0.0,0.18,0.0,5.41,60.57,8.81,0.0,1.0,5.58,KAYUTANGAN_TS-11_2.jpg,KAYUTANGAN,TS-11
59.19,1.26,0.0,31.0,0.0,0.0,3.1,0.0,5.45,59.19,1.26,0.0,1.0,8.55,KAYUTANGAN_TS-12_2.jpg,KAYUTANGAN,TS-12
66.78,3.13,0.0,22.51,0.0,0.01,0.0,0.99,6.59,66.78,3.13,0.0,1.0,6.59,KAYUTANGAN_TU-10_2.jpg,KAYUTANGAN,TU-10
66.14,2.13,0.0,20.61,0.0,0.0,0.18,0.0,10.94,66.14,2.13,0.0,1.0,11.12,KAYUTANGAN_TU-11_2.jpg,KAYUTANGAN,TU-11
58.84,0.0,0.2,24.18,0.0,0.0,1.7,0.0,15.08,58.84,0.0,0.0,0.9917,16.78,KAYUTANGAN_TU-12_2.jpg,KAYUTANGAN,TU-12
45.48,11.25,0.0,37.85,0.0,0.0,0.21,0.0,5.2,45.48,11.25,0.0,1.0,5.41,KAYUTANGAN_TS-13_2.jpg,KAYUTANGAN,TS-13
63.22,2.47,0.0,28.1,0.0,0.0,3.52,0.0,2.69,63.22,2.47,0.0,1.0,6.21,KAYUTANGAN_TS-14_2.jpg,KAYUTANGAN,TS-14
55.16,2.78,0.0,24.1,0.0,0.0,1.6,0.0,16.36,55.16,2.78,0.0,1.0,17.96,KAYUTANGAN_TS-15.jpg,KAYUTANGAN,TS-15
64.77,0.23,0.0,22.78,0.0,0.0,1.07,0.0,11.15,64.77,0.23,0.0,1.0,12.22,KAYUTANGAN_TU-13_2.jpg,KAYUTANGAN,TU-13
72.71,1.64,0.0,18.36,0.0,0.0,2.76,0.0,4.53,72.71,1.64,0.0,1.0,7.29,KAYUTANGAN_TU-14_2.jpg,KAYUTANGAN,TU-14
58.84,0.0,0.2,24.18,0.0,0.0,1.7,0.0,15.08,58.84,0.0,0.0,0.9917,16.78,KAYUTANGAN_TU-15.jpg,KAYUTANGAN,TU-15
59.47,4.02,0.0,28.91,0.0,0.0,0.06,0.0,7.54,59.47,4.02,0.0,1.0,7.6,KAYUTANGAN_TS-16.jpg,KAYUTANGAN,TS-16
57.93,2.01,0.0,24.95,0.0,0.0,4.13,0.0,10.98,57.93,2.01,0.0,1.0,15.11,KAYUTANGAN_TS-17.jpg,KAYUTANGAN,TS-17
66.1,7.99,0.0,19.85,0.0,0.01,0.0,0.0,6.05,66.1,7.99,0.0,1.0,6.06,KAYUTANGAN_TS-18.jpg,KAYUTANGAN,TS-18
61.26,6.75,0.0,23.44,0.0,0.0,0.13,0.0,8.42,61.26,6.75,0.0,1.0,8.55,KAYUTANGAN_TU-16.jpg,KAYUTANGAN,TU-16
61.19,2.42,0.0,30.44,0.0,0.0,0.48,0.0,5.46,61.19,2.42,0.0,1.0,5.94,KAYUTANGAN_TU-17.jpg,KAYUTANGAN,TU-17
55.35,2.61,0.0,29.71,0.0,0.0,4.27,0.0,8.06,55.35,2.61,0.0,1.0,12.33,KAYUTANGAN_TU-18.jpg,KAYUTANGAN,TU-18
57.23,2.52,0.0,33.74,0.0,0.0,2.2,0.0,4.31,57.23,2.52,0.0,1.0,6.51,KAYUTANGAN_TS-19.jpg,KAYUTANGAN,TS-19
60.68,1.2,0.07,18.96,0.0,0.0,8.31,0.0,10.77,60.68,1.2,0.0,0.9961,19.09,KAYUTANGAN_TS-20.jpg,KAYUTANGAN,TS-20
57.85,1.89,0.0,23.99,0.0,0.0,0.09,0.0,16.18,57.85,1.89,0.0,1.0,16.27,KAYUTANGAN_TS-21.jpg,KAYUTANGAN,TS-21
61.14,3.78,0.0,21.77,0.0,0.0,2.2,0.0,11.1,61.14,3.78,0.0,1.0,13.31,KAYUTANGAN_TU-19.jpg,KAYUTANGAN,TU-19
60.05,4.09,0.0,15.05,0.0,0.0,0.03,0.0,20.78,60.05,4.09,0.0,1.0,20.81,KAYUTANGAN_TU-20.jpg,KAYUTANGAN,TU-20
64.09,1.11,0.0,18.88,0.0,0.0,5.5,0.12,10.3,64.09,1.11,0.0,1.0,15.8,KAYUTANGAN_TU-21.jpg,KAYUTANGAN,TU-21
53.31,4.23,0.04,23.1,0.0,0.0,8.08,0.0,11.24,53.31,4.23,0.0,0.9984,19.32,KAYUTANGAN_TS-22.jpg,KAYUTANGAN,TS-22
48.78,5.02,0.0,14.98,0.0,0.0,9.47,0.0,21.75,48.78,5.02,0.0,1.0,31.22,KAYUTANGAN_TS-23.jpg,KAYUTANGAN,TS-23
60.03,2.28,0.0,28.85,0.0,0.0,1.03,0.0,7.81,60.03,2.28,0.0,1.0,8.84,KAYUTANGAN_TS-24.jpg,KAYUTANGAN,TS-24
54.75,1.39,0.28,28.89,0.0,0.0,6.04,0.0,8.65,54.75,1.39,0.0,0.9904,14.69,KAYUTANGAN_TU-22.jpg,KAYUTANGAN,TU-22
66.34,1.4,0.0,27.15,0.0,0.0,0.0,0.0,5.1,66.34,1.4,0.0,1.0,5.1,KAYUTANGAN_TU-23.jpg,KAYUTANGAN,TU-23
66.99,0.2,0.0,27.0,0.0,0.0,1.81,0.0,4.01,66.99,0.2,0.0,1.0,5.82,KAYUTANGAN_TU-24.jpg,KAYUTANGAN,TU-24
64.29,9.48,0.0,22.66,0.0,0.0,0.21,0.0,3.34,64.29,9.48,0.0,1.0,3.56,KAYUTANGAN_TS-25.jpg,KAYUTANGAN,TS-25
57.79,6.14,0.0,29.12,0.0,0.0,0.0,0.0,6.95,57.79,6.14,0.0,1.0,6.95,KAYUTANGAN_TS-26.jpg,KAYUTANGAN,TS-26
55.3,2.58,0.0,16.67,0.0,0.0,19.62,0.0,5.82,55.3,2.58,0.0,1.0,25.44,KAYUTANGAN_TS-27.jpg,KAYUTANGAN,TS-27
56.5,2.59,0.0,35.01,0.0,0.0,0.0,0.0,5.9,56.5,2.59,0.0,1.0,5.9,KAYUTANGAN_TU-25.jpg,KAYUTANGAN,TU-25
65.66,1.75,0.0,20.48,0.0,0.0,9.94,0.0,2.17,65.66,1.75,0.0,1.0,12.11,KAYUTANGAN_TU-26.jpg,KAYUTANGAN,TU-26
54.84,1.82,0.14,17.51,0.12,0.96,17.09,0.0,7.53,54.84,1.82,0.12,0.992,25.57,KAYUTANGAN_TU-27.jpg,KAYUTANGAN,TU-27
48.86,5.21,0.0,26.64,0.0,0.0,6.97,0.0,12.32,48.86,5.21,0.0,1.0,19.29,KAYUTANGAN_TS-28.jpg,KAYUTANGAN,TS-28
65.56,11.65,0.0,10.56,0.0,0.0,8.35,0.0,3.89,65.56,11.65,0.0,1.0,12.24,KAYUTANGAN_TU-28.jpg,KAYUTANGAN,TU-28
49.51,3.17,8.14,18.64,0.0,0.0,0.17,0.0,20.37,49.51,3.17,0.0,0.6961,20.54,ALUN_ALUN_TUGU_TB-01.jpg,ALUN_ALUN_TUGU,TB-01
58.14,11.21,1.89,16.35,0.04,0.0,0.0,0.0,12.38,58.14,11.21,0.04,0.8966,12.38,ALUN_ALUN_TUGU_TB-02.jpg,ALUN_ALUN_TUGU,TB-02
56.93,13.15,3.36,16.16,0.03,0.0,0.79,0.0,9.57,56.93,13.15,0.03,0.828,10.36,ALUN_ALUN_TUGU_TB-03.jpg,ALUN_ALUN_TUGU,TB-03
59.63,27.66,0.13,5.74,0.0,0.0,0.09,0.0,6.75,59.63,27.66,0.0,0.9771,6.84,ALUN_ALUN_TUGU_TT-01.jpg,ALUN_ALUN_TUGU,TT-01
63.73,8.21,3.8,13.13,2.39,0.0,0.21,0.0,8.53,63.73,8.21,2.39,0.7757,8.74,ALUN_ALUN_TUGU_TT-02.jpg,ALUN_ALUN_TUGU,TT-02
64.03,15.08,1.69,16.94,0.0,0.0,0.01,0.0,2.25,64.03,15.08,0.0,0.9093,2.26,ALUN_ALUN_TUGU_TT-03.jpg,ALUN_ALUN_TUGU,TT-03
55.46,14.57,2.99,21.15,0.14,0.0,2.34,0.0,3.36,55.46,14.57,0.14,0.8761,5.69,ALUN_ALUN_TUGU_TB-04.jpg,ALUN_ALUN_TUGU,TB-04
56.73,13.26,0.29,22.99,2.0,0.0,0.35,0.0,4.38,56.73,13.26,2.0,0.9874,4.72,ALUN_ALUN_TUGU_TB-05.jpg,ALUN_ALUN_TUGU,TB-05
60.83,20.96,0.07,14.79,0.0,0.0,0.37,0.0,2.97,60.83,20.96,0.0,0.9951,3.34,ALUN_ALUN_TUGU_TB-06.jpg,ALUN_ALUN_TUGU,TB-06
70.01,12.66,0.0,6.12,2.45,0.0,0.02,0.0,8.73,70.01,12.66,2.45,1.0,8.76,ALUN_ALUN_TUGU_TT-04.jpg,ALUN_ALUN_TUGU,TT-04
59.87,23.35,0.42,10.88,0.02,0.0,1.6,0.0,3.87,59.87,23.35,0.02,0.9632,5.47,ALUN_ALUN_TUGU_TT-05.jpg,ALUN_ALUN_TUGU,TT-05
69.63,12.88,0.0,11.47,2.2,0.0,1.82,0.29,1.72,69.63,12.88,2.2,1.0,3.54,ALUN_ALUN_TUGU_TT-06.jpg,ALUN_ALUN_TUGU,TT-06
59.03,17.6,11.83,6.09,0.0,0.0,0.2,0.0,5.26,59.03,17.6,0.0,0.3397,5.46,ALUN_ALUN_TUGU_TB-07.jpg,ALUN_ALUN_TUGU,TB-07
65.5,18.53,1.5,13.85,0.0,0.0,0.24,0.0,0.37,65.5,18.53,0.0,0.9022,0.62,ALUN_ALUN_TUGU_TB-08.jpg,ALUN_ALUN_TUGU,TB-08
56.13,9.76,0.38,21.97,0.37,0.0,0.14,0.0,11.24,56.13,9.76,0.37,0.9828,11.38,ALUN_ALUN_TUGU_TB-09.jpg,ALUN_ALUN_TUGU,TB-09
66.52,27.92,0.0,2.72,0.0,0.0,0.01,0.0,2.83,66.52,27.92,0.0,1.0,2.84,ALUN_ALUN_TUGU_TT-07.jpg,ALUN_ALUN_TUGU,TT-07
56.73,16.98,2.35,20.21,0.0,0.0,1.87,0.0,1.86,56.73,16.98,0.0,0.8959,3.73,ALUN_ALUN_TUGU_TT-08.jpg,ALUN_ALUN_TUGU,TT-08
48.22,21.84,0.26,14.54,0.07,0.0,6.67,0.0,8.39,48.22,21.84,0.07,0.9823,15.06,ALUN_ALUN_TUGU_TT-09.jpg,ALUN_ALUN_TUGU,TT-09
56.81,32.7,0.69,0.65,0.0,0.0,0.0,0.0,9.15,56.81,32.7,0.0,0.4863,9.15,ALUN_ALUN_TUGU_TS-10.jpg,ALUN_ALUN_TUGU,TS-10
47.76,31.62,2.3,15.88,0.0,0.0,0.04,0.0,2.4,47.76,31.62,0.0,0.8734,2.44,ALUN_ALUN_TUGU_TB-11.jpg,ALUN_ALUN_TUGU,TB-11
55.38,14.72,2.36,16.56,2.6,0.0,0.04,0.0,8.34,55.38,14.72,2.6,0.8755,8.38,ALUN_ALUN_TUGU_TB-12.jpg,ALUN_ALUN_TUGU,TB-12
60.77,21.95,0.01,13.78,0.05,0.0,0.05,0.0,3.39,60.77,21.95,0.05,0.9995,3.45,ALUN_ALUN_TUGU_TU-10.jpg,ALUN_ALUN_TUGU,TU-10
60.1,7.43,0.16,16.91,5.31,0.0,1.09,0.0,9.0,60.1,7.43,5.31,0.9907,10.1,ALUN_ALUN_TUGU_TT-11.jpg,ALUN_ALUN_TUGU,TT-11
64.36,13.44,3.88,11.7,0.15,0.0,0.1,0.0,6.38,64.36,13.44,0.15,0.7512,6.48,ALUN_ALUN_TUGU_TT-12.jpg,ALUN_ALUN_TUGU,TT-12
59.07,6.6,0.65,16.64,1.95,0.0,0.59,0.0,14.51,59.07,6.6,1.95,0.9626,15.1,ALUN_ALUN_TUGU_TB-13.jpg,ALUN_ALUN_TUGU,TB-13
50.9,8.12,0.38,29.5,0.05,0.0,1.45,0.0,9.59,50.9,8.12,0.05,0.9871,11.04,ALUN_ALUN_TUGU_TB-14.jpg,ALUN_ALUN_TUGU,TB-14
52.2,7.48,0.0,26.74,0.0,0.0,0.89,0.0,12.69,52.2,7.48,0.0,1.0,13.57,ALUN_ALUN_TUGU_TB-15.jpg,ALUN_ALUN_TUGU,TB-15
58.95,9.42,0.21,26.05,0.0,0.0,0.56,0.0,4.82,58.95,9.42,0.0,0.9919,5.37,ALUN_ALUN_TUGU_TT-13.jpg,ALUN_ALUN_TUGU,TT-13
62.29,0.59,0.0,14.06,5.11,0.0,0.0,0.0,17.95,62.29,0.59,5.11,1.0,17.95,ALUN_ALUN_TUGU_TT-14.jpg,ALUN_ALUN_TUGU,TT-14
60.68,11.29,0.12,12.73,0.0,0.0,0.01,0.0,15.17,60.68,11.29,0.0,0.991,15.18,ALUN_ALUN_TUGU_TT-15.jpg,ALUN_ALUN_TUGU,TT-15
52.74,30.32,0.57,15.47,0.0,0.0,0.44,0.0,0.46,52.74,30.32,0.0,0.9646,0.9,ALUN_ALUN_TUGU_TB-16.jpg,ALUN_ALUN_TUGU,TB-16
42.43,8.3,2.23,20.62,0.0,0.0,4.27,0.0,22.14,42.43,8.3,0.0,0.9023,26.41,ALUN_ALUN_TUGU_TB-17.jpg,ALUN_ALUN_TUGU,TB-17
41.7,5.44,4.99,22.61,0.0,0.0,0.76,0.0,24.49,41.7,5.44,0.0,0.8191,25.25,ALUN_ALUN_TUGU_TB-18.jpg,ALUN_ALUN_TUGU,TB-18
33.17,9.09,7.01,11.55,0.0,0.0,1.7,0.0,37.49,33.17,9.09,0.0,0.6224,39.19,ALUN_ALUN_TUGU_TT-16.jpg,ALUN_ALUN_TUGU,TT-16
58.62,3.08,6.1,16.73,0.0,0.0,0.85,0.0,14.61,58.62,3.08,0.0,0.7327,15.46,ALUN_ALUN_TUGU_TT-17.jpg,ALUN_ALUN_TUGU,TT-17
57.98,19.43,0.11,18.09,0.0,0.0,0.93,0.0,3.45,57.98,19.43,0.0,0.994,4.38,ALUN_ALUN_TUGU_TT-18.jpg,ALUN_ALUN_TUGU,TT-18
59.13,18.74,2.0,9.43,0.79,0.0,0.01,0.0,9.91,59.13,18.74,0.79,0.8249,9.91,ALUN_ALUN_TUGU_TB-19.jpg,ALUN_ALUN_TUGU,TB-19
62.7,6.52,2.8,10.69,0.2,0.0,0.05,0.0,17.04,62.7,6.52,0.2,0.7928,17.09,ALUN_ALUN_TUGU_TB-20.jpg,ALUN_ALUN_TUGU,TB-20
58.63,21.28,0.06,17.96,0.0,0.0,0.02,0.0,2.06,58.63,21.28,0.0,0.9966,2.08,ALUN_ALUN_TUGU_SS-01.jpg,ALUN_ALUN_TUGU,SS-01
48.57,15.88,0.05,29.13,0.0,0.0,2.3,0.0,4.07,48.57,15.88,0.0,0.9981,6.37,ALUN_ALUN_TUGU_TT-19.jpg,ALUN_ALUN_TUGU,TT-19
48.24,26.19,2.9,17.32,0.01,0.0,2.15,0.0,3.19,48.24,26.19,0.01,0.8566,5.34,ALUN_ALUN_TUGU_TT-20.jpg,ALUN_ALUN_TUGU,TT-20
54.12,24.81,0.0,0.14,0.0,0.0,0.79,0.0,20.14,54.12,24.81,0.0,0.9993,20.93,ALUN_ALUN_TUGU_SU-01.jpg,ALUN_ALUN_TUGU,SU-01
60.38,26.07,0.0,1.64,0.0,0.0,0.0,0.0,11.91,60.38,26.07,0.0,0.9999,11.91,ALUN_ALUN_TUGU_SB-02.jpg,ALUN_ALUN_TUGU,SB-02
67.14,28.26,0.09,1.8,0.0,0.0,0.21,0.0,2.5,67.14,28.26,0.0,0.9546,2.71,ALUN_ALUN_TUGU_SB-03.jpg,ALUN_ALUN_TUGU,SB-03
60.18,27.36,6.56,1.8,0.0,0.0,2.75,0.0,1.36,60.18,27.36,0.0,0.2155,4.11,ALUN_ALUN_TUGU_SB-04.jpg,ALUN_ALUN_TUGU,SB-04
52.76,25.99,0.0,0.82,0.0,0.0,0.37,0.0,20.06,52.76,25.99,0.0,0.9999,20.42,ALUN_ALUN_TUGU_ST-02.jpg,ALUN_ALUN_TUGU,ST-02
61.11,33.01,0.0,0.39,0.4,0.0,0.01,0.0,5.08,61.11,33.01,0.4,0.9997,5.09,ALUN_ALUN_TUGU_ST-03.jpg,ALUN_ALUN_TUGU,ST-03
58.61,33.32,0.15,1.3,0.0,0.0,0.0,0.0,6.62,58.61,33.32,0.0,0.8949,6.62,ALUN_ALUN_TUGU_ST-04.jpg,ALUN_ALUN_TUGU,ST-04
55.82,24.22,7.54,0.29,0.0,0.0,5.33,0.0,6.79,55.82,24.22,0.0,0.0374,12.13,ALUN_ALUN_TUGU_SB-05.jpg,ALUN_ALUN_TUGU,SB-05
59.8,27.99,0.05,7.73,0.0,0.0,0.32,0.0,4.11,59.8,27.99,0.0,0.9937,4.43,ALUN_ALUN_TUGU_SB-06.jpg,ALUN_ALUN_TUGU,SB-06
58.87,18.36,3.42,7.09,0.0,0.0,1.17,0.0,11.09,58.87,18.36,0.0,0.6744,12.26,ALUN_ALUN_TUGU_SB-07.jpg,ALUN_ALUN_TUGU,SB-07
56.74,25.81,5.94,0.32,0.0,0.0,10.65,0.0,0.54,56.74,25.81,0.0,0.0517,11.19,ALUN_ALUN_TUGU_ST-05.jpg,ALUN_ALUN_TUGU,ST-05
54.41,27.55,8.34,0.65,0.0,0.0,6.01,0.0,3.04,54.41,27.55,0.0,0.0726,9.05,ALUN_ALUN_TUGU_ST-06.jpg,ALUN_ALUN_TUGU,ST-06
55.08,27.38,1.4,4.54,0.0,0.18,0.15,0.0,11.26,55.08,27.38,0.0,0.7638,11.6,ALUN_ALUN_TUGU_ST-07.jpg,ALUN_ALUN_TUGU,ST-07
48.22,3.32,0.0,8.86,0.0,0.0,13.81,0.0,25.79,48.22,3.32,0.0,1.0,39.6,ALUN_ALUN_TUGU_SB-08.jpg,ALUN_ALUN_TUGU,SB-08
63.25,24.82,0.01,8.56,0.0,0.0,2.11,0.0,1.25,63.25,24.82,0.0,0.9993,3.36,ALUN_ALUN_TUGU_BU-01.jpg,ALUN_ALUN_TUGU,BU-01
57.82,24.82,0.0,6.56,0.0,0.0,0.01,0.0,10.78,57.82,24.82,0.0,1.0,10.8,ALUN_ALUN_TUGU_BU-02.jpg,ALUN_ALUN_TUGU,BU-02
68.43,7.78,0.78,7.03,0.58,0.0,11.7,0.0,3.72,68.43,7.78,0.58,0.9006,15.42,ALUN_ALUN_TUGU_ST-08.jpg,ALUN_ALUN_TUGU,ST-08
60.72,30.17,0.0,5.06,0.0,0.0,0.1,0.0,3.96,60.72,30.17,0.0,1.0,4.05,ALUN_ALUN_TUGU_BS-01.jpg,ALUN_ALUN_TUGU,BS-01
65.13,23.33,0.0,8.03,0.0,0.0,0.97,0.0,2.54,65.13,23.33,0.0,1.0,3.51,ALUN_ALUN_TUGU_BS-02.jpg,ALUN_ALUN_TUGU,BS-02
59.11,35.16,0.0,0.2,0.02,0.0,0.0,0.0,5.5,59.11,35.16,0.02,0.9995,5.5,ALUN_ALUN_TUGU_BU-03.jpg,ALUN_ALUN_TUGU,BU-03
57.39,14.72,0.57,11.16,0.0,0.0,9.63,0.0,6.52,57.39,14.72,0.0,0.9511,16.15,ALUN_ALUN_TUGU_BU-04.jpg,ALUN_ALUN_TUGU,BU-04
54.53,2.04,0.16,17.35,0.0,0.0,0.1,0.0,25.83,54.53,2.04,0.0,0.9909,25.93,ALUN_ALUN_TUGU_BU-05.jpg,ALUN_ALUN_TUGU,BU-05
60.17,34.64,0.25,3.29,0.09,0.0,0.14,0.0,1.42,60.17,34.64,0.09,0.9293,1.56,ALUN_ALUN_TUGU_BS-03.jpg,ALUN_ALUN_TUGU,BS-03
72.85,1.16,0.0,16.72,0.0,0.0,0.0,0.0,9.27,72.85,1.16,0.0,1.0,9.27,ALUN_ALUN_TUGU_BS-04.jpg,ALUN_ALUN_TUGU,BS-04
72.09,6.3,7.06,3.06,3.14,0.0,0.05,0.0,8.29,72.09,6.3,3.14,0.3028,8.34,ALUN_ALUN_TUGU_BS-05.jpg,ALUN_ALUN_TUGU,BS-05
79.35,0.12,0.0,12.22,0.45,0.0,0.0,0.0,7.87,79.35,0.12,0.45,1.0,7.87,ALUN_ALUN_TUGU_BU-06.jpg,ALUN_ALUN_TUGU,BU-06
58.81,0.7,0.0,18.66,0.0,0.0,0.0,0.0,21.83,58.81,0.7,0.0,1.0,21.83,ALUN_ALUN_TUGU_BU-07.jpg,ALUN_ALUN_TUGU,BU-07
63.02,3.47,1.29,24.36,0.36,0.0,2.28,0.0,5.22,63.02,3.47,0.36,0.9496,7.5,ALUN_ALUN_TUGU_UB-01.jpg,ALUN_ALUN_TUGU,UB-01
63.82,12.37,0.7,20.23,0.0,0.0,0.17,0.0,2.72,63.82,12.37,0.0,0.9665,2.89,ALUN_ALUN_TUGU_BS-06.jpg,ALUN_ALUN_TUGU,BS-06
67.71,1.75,0.0,14.33,0.0,0.0,0.0,0.0,16.22,67.71,1.75,0.0,1.0,16.22,ALUN_ALUN_TUGU_BS-07.jpg,ALUN_ALUN_TUGU,BS-07
64.25,6.1,0.0,1.07,14.22,0.0,0.0,0.0,14.36,64.25,6.1,14.22,0.9999,14.36,ALUN_ALUN_TUGU_UT-01.png,ALUN_ALUN_TUGU,UT-01
65.34,6.57,0.0,18.59,0.0,0.0,0.71,0.0,8.8,65.34,6.57,0.0,1.0,9.51,ALUN_ALUN_TUGU_UB-02.jpg,ALUN_ALUN_TUGU,UB-02
55.94,4.69,0.08,14.59,0.0,0.0,0.52,0.0,24.18,55.94,4.69,0.0,0.9946,24.7,ALUN_ALUN_TUGU_UB-03.jpg,ALUN_ALUN_TUGU,UB-03
57.53,10.06,0.04,14.6,1.92,0.0,5.29,0.0,10.56,57.53,10.06,1.92,0.9971,15.84,ALUN_ALUN_TUGU_UB-04.jpg,ALUN_ALUN_TUGU,UB-04
56.49,27.14,13.46,1.42,0.01,0.0,0.74,0.0,0.74,56.49,27.14,0.01,0.0952,1.48,ALUN_ALUN_TUGU_UT-02.jpg,ALUN_ALUN_TUGU,UT-02
68.77,23.28,0.74,4.7,1.61,0.0,0.23,0.0,0.68,68.77,23.28,1.61,0.8642,0.91,ALUN_ALUN_TUGU_UT-03.jpg,ALUN_ALUN_TUGU,UT-03
75.11,0.57,0.0,7.97,0.0,0.0,15.62,0.0,0.73,75.11,0.57,0.0,1.0,16.35,ALUN_ALUN_TUGU_UT-04.jpg,ALUN_ALUN_TUGU,UT-04
57.66,15.44,6.07,1.64,2.83,0.0,2.44,0.0,13.92,57.66,15.44,2.83,0.2128,16.36,ALUN_ALUN_TUGU_UB-05.jpg,ALUN_ALUN_TUGU,UB-05
43.43,39.04,0.0,0.22,0.0,0.0,0.0,0.0,17.32,43.43,39.04,0.0,0.9995,17.32,ALUN_ALUN_TUGU_UB-06.jpg,ALUN_ALUN_TUGU,UB-06
46.29,34.8,0.7,4.99,0.0,0.0,0.02,0.0,13.2,46.29,34.8,0.0,0.8777,13.22,ALUN_ALUN_TUGU_UB-07.jpg,ALUN_ALUN_TUGU,UB-07
77.12,0.18,8.68,10.05,0.0,0.0,0.05,0.0,3.92,77.12,0.18,0.0,0.5367,3.97,ALUN_ALUN_TUGU_UT-05.jpg,ALUN_ALUN_TUGU,UT-05
62.82,19.8,0.29,10.82,0.0,0.0,0.29,0.0,5.99,62.82,19.8,0.0,0.9742,6.27,ALUN_ALUN_TUGU_UT-06.jpg,ALUN_ALUN_TUGU,UT-06
62.26,24.26,0.0,10.74,0.0,0.0,0.04,0.0,2.71,62.26,24.26,0.0,1.0,2.75,ALUN_ALUN_TUGU_UT-07.jpg,ALUN_ALUN_TUGU,UT-07
54.14,19.1,0.0,7.17,0.05,0.0,1.18,0.0,18.35,54.14,19.1,0.05,1.0,19.53,ALUN_ALUN_MERDEKA_BU-01.jpg,ALUN_ALUN_MERDEKA,BU-01
73.04,17.0,0.0,7.99,0.0,0.0,0.0,0.0,1.97,73.04,17.0,0.0,1.0,1.97,ALUN_ALUN_MERDEKA_BU-02.jpg,ALUN_ALUN_MERDEKA,BU-02
64.29,8.8,0.0,15.62,0.45,0.0,0.0,0.0,10.85,64.29,8.8,0.45,1.0,10.85,ALUN_ALUN_MERDEKA_BU-03.jpg,ALUN_ALUN_MERDEKA,BU-03
56.74,14.46,0.1,17.6,0.0,0.0,0.0,0.0,11.1,56.74,14.46,0.0,0.9945,11.1,ALUN_ALUN_MERDEKA_BS-01.jpg,ALUN_ALUN_MERDEKA,BS-01
72.68,12.15,0.0,14.63,0.0,0.0,0.0,0.0,0.54,72.68,12.15,0.0,1.0,0.54,ALUN_ALUN_MERDEKA_BS-02.jpg,ALUN_ALUN_MERDEKA,BS-02
59.67,25.52,0.0,5.83,0.0,0.0,0.04,0.0,8.94,59.67,25.52,0.0,1.0,8.97,ALUN_ALUN_MERDEKA_BS-03.jpg,ALUN_ALUN_MERDEKA,BS-03
66.16,13.84,0.11,17.78,0.0,0.0,0.09,0.0,2.01,66.16,13.84,0.0,0.9939,2.11,ALUN_ALUN_MERDEKA_BS-04.jpg,ALUN_ALUN_MERDEKA,BS-04
73.13,0.02,0.0,16.27,0.0,4.69,4.51,0.0,1.39,73.13,0.02,0.0,1.0,10.58,ALUN_ALUN_MERDEKA_BS-05.jpg,ALUN_ALUN_MERDEKA,BS-05
65.06,0.0,0.0,19.31,0.0,0.0,0.03,0.0,15.6,65.06,0.0,0.0,1.0,15.63,ALUN_ALUN_MERDEKA_BS-06.jpg,ALUN_ALUN_MERDEKA,BS-06
65.16,6.97,0.0,24.74,0.0,0.0,0.0,0.0,3.12,65.16,6.97,0.0,1.0,3.12,ALUN_ALUN_MERDEKA_BU-04.jpg,ALUN_ALUN_MERDEKA,BU-04
69.33,0.03,0.0,18.74,0.0,0.0,0.0,0.0,11.9,69.33,0.03,0.0,1.0,11.9,ALUN_ALUN_MERDEKA_BU-05.jpg,ALUN_ALUN_MERDEKA,BU-05
44.43,21.66,0.0,8.27,0.0,0.0,0.0,0.0,25.65,44.43,21.66,0.0,1.0,25.65,ALUN_ALUN_MERDEKA_BU-06.jpg,ALUN_ALUN_MERDEKA,BU-06
56.43,21.5,0.01,9.26,0.0,0.0,5.36,0.0,7.45,56.43,21.5,0.0,0.9993,12.81,ALUN_ALUN_MERDEKA_SB-01.jpg,ALUN_ALUN_MERDEKA,SB-01
47.29,16.42,0.0,17.74,0.0,0.0,0.47,0.0,18.07,47.29,16.42,0.0,1.0,18.54,ALUN_ALUN_MERDEKA_ST-01.jpg,ALUN_ALUN_MERDEKA,ST-01
64.44,4.46,0.0,23.75,0.0,0.0,0.0,0.1,7.24,64.44,4.46,0.0,1.0,7.24,ALUN_ALUN_MERDEKA_SB-02.jpg,ALUN_ALUN_MERDEKA,SB-02
58.33,7.27,0.0,16.2,0.0,0.0,7.76,0.0,10.44,58.33,7.27,0.0,1.0,18.21,ALUN_ALUN_MERDEKA_ST-02.jpg,ALUN_ALUN_MERDEKA,ST-02
62.96,6.64,0.02,22.44,0.0,0.0,0.11,0.0,7.82,62.96,6.64,0.0,0.9989,7.93,ALUN_ALUN_MERDEKA_SB-03.jpg,ALUN_ALUN_MERDEKA,SB-03
57.14,1.07,0.0,27.04,0.0,0.0,0.0,0.0,14.75,57.14,1.07,0.0,1.0,14.75,ALUN_ALUN_MERDEKA_ST-03.jpg,ALUN_ALUN_MERDEKA,ST-03
56.82,26.51,0.0,5.56,0.0,0.0,0.13,0.0,10.98,56.82,26.51,0.0,1.0,11.11,ALUN_ALUN_MERDEKA_SB-04.jpg,ALUN_ALUN_MERDEKA,SB-04
55.98,38.06,0.0,3.27,0.0,0.0,0.63,0.0,2.06,55.98,38.06,0.0,1.0,2.69,ALUN_ALUN_MERDEKA_ST-04.jpg,ALUN_ALUN_MERDEKA,ST-04
71.92,5.33,0.0,17.22,0.0,0.0,0.0,0.0,5.52,71.92,5.33,0.0,1.0,5.52,ALUN_ALUN_MERDEKA_SB-05.jpg,ALUN_ALUN_MERDEKA,SB-05
50.6,2.58,0.0,23.9,0.0,0.0,0.0,0.0,22.91,50.6,2.58,0.0,1.0,22.91,ALUN_ALUN_MERDEKA_ST-05.jpg,ALUN_ALUN_MERDEKA,ST-05
64.51,1.44,0.0,23.72,0.0,0.0,0.0,0.0,10.33,64.51,1.44,0.0,1.0,10.33,ALUN_ALUN_MERDEKA_SB-06.jpg,ALUN_ALUN_MERDEKA,SB-06
73.97,0.93,0.07,25.0,0.0,0.0,0.0,0.0,0.03,73.97,0.93,0.0,0.9973,0.03,ALUN_ALUN_MERDEKA_ST-06.jpg,ALUN_ALUN_MERDEKA,ST-06
62.95,8.34,0.68,24.9,0.0,0.0,0.0,0.0,3.12,62.95,8.34,0.0,0.9735,3.12,ALUN_ALUN_MERDEKA_TS-01.jpg,ALUN_ALUN_MERDEKA,TS-01
51.86,12.32,0.09,17.32,0.0,0.0,15.24,0.0,3.17,51.86,12.32,0.0,0.9951,18.41,ALUN_ALUN_MERDEKA_TU-01.jpg,ALUN_ALUN_MERDEKA,TU-01
57.43,0.3,0.01,27.03,0.0,0.0,3.05,0.0,12.18,57.43,0.3,0.0,0.9998,15.23,ALUN_ALUN_MERDEKA_TS-02.jpg,ALUN_ALUN_MERDEKA,TS-02
53.55,37.35,0.0,6.22,0.0,0.0,0.0,0.0,2.87,53.55,37.35,0.0,1.0,2.87,ALUN_ALUN_MERDEKA_TU-02.jpg,ALUN_ALUN_MERDEKA,TU-02
55.9,9.31,0.0,24.2,0.0,0.0,0.04,0.0,10.56,55.9,9.31,0.0,1.0,10.6,ALUN_ALUN_MERDEKA_TS-03.jpg,ALUN_ALUN_MERDEKA,TS-03
63.25,23.03,0.6,7.4,0.0,0.0,0.24,0.0,5.47,63.25,23.03,0.0,0.9245,5.71,ALUN_ALUN_MERDEKA_TU-03.jpg,ALUN_ALUN_MERDEKA,TU-03
62.9,3.5,0.19,25.67,0.0,0.0,0.22,0.0,7.53,62.9,3.5,0.0,0.9927,7.75,ALUN_ALUN_MERDEKA_TS-04.jpg,ALUN_ALUN_MERDEKA,TS-04
52.17,34.23,0.0,5.35,0.78,0.0,0.02,0.0,7.45,52.17,34.23,0.78,1.0,7.47,ALUN_ALUN_MERDEKA_TU-04.jpg,ALUN_ALUN_MERDEKA,TU-04
46.14,7.57,0.0,25.27,0.0,0.0,1.76,0.0,19.26,46.14,7.57,0.0,1.0,21.02,ALUN_ALUN_MERDEKA_TS-05.jpg,ALUN_ALUN_MERDEKA,TS-05
69.45,5.51,0.42,16.8,0.0,0.0,0.87,0.0,6.96,69.45,5.51,0.0,0.9755,7.82,ALUN_ALUN_MERDEKA_TU-05.jpg,ALUN_ALUN_MERDEKA,TU-05
75.87,3.2,0.08,19.05,0.04,0.0,0.0,0.0,1.75,75.87,3.2,0.04,0.9958,1.75,ALUN_ALUN_MERDEKA_TS-06.jpg,ALUN_ALUN_MERDEKA,TS-06
57.81,34.93,0.34,3.72,0.0,0.0,0.07,0.0,3.13,57.81,34.93,0.0,0.9173,3.2,ALUN_ALUN_MERDEKA_TU-06.jpg,ALUN_ALUN_MERDEKA,TU-06
65.36,5.22,0.0,12.39,0.0,0.0,0.0,0.0,17.03,65.36,5.22,0.0,1.0,17.03,ALUN_ALUN_MERDEKA_UT-02.jpg,ALUN_ALUN_MERDEKA,UT-02
75.89,8.24,0.68,14.48,0.0,0.0,0.0,0.0,0.71,75.89,8.24,0.0,0.9553,0.71,ALUN_ALUN_MERDEKA_UT-01.jpg,ALUN_ALUN_MERDEKA,UT-01
66.02,5.13,0.0,14.64,0.0,0.01,0.0,0.0,14.19,66.02,5.13,0.0,1.0,14.2,ALUN_ALUN_MERDEKA_UB-01.jpg,ALUN_ALUN_MERDEKA,UB-01
72.36,22.12,0.0,2.79,0.0,0.0,0.0,0.0,2.73,72.36,22.12,0.0,1.0,2.73,ALUN_ALUN_MERDEKA_UB-02.jpg,ALUN_ALUN_MERDEKA,UB-02
57.14,13.53,0.0,20.51,0.0,0.0,0.0,0.0,8.82,57.14,13.53,0.0,1.0,8.82,ALUN_ALUN_MERDEKA_UB-03.jpg,ALUN_ALUN_MERDEKA,UB-03
76.29,3.12,0.16,10.68,0.0,0.0,0.01,0.0,9.75,76.29,3.12,0.0,0.9853,9.75,ALUN_ALUN_MERDEKA_UT-03.jpg,ALUN_ALUN_MERDEKA,UT-03
75.27,6.65,0.0,10.59,0.0,0.0,0.46,0.0,7.03,75.27,6.65,0.0,1.0,7.49,ALUN_ALUN_MERDEKA_UB-04.jpg,ALUN_ALUN_MERDEKA,UB-04
72.45,7.27,0.0,15.52,0.0,0.0,0.0,0.0,4.75,72.45,7.27,0.0,1.0,4.75,ALUN_ALUN_MERDEKA_UB-05.jpg,ALUN_ALUN_MERDEKA,UB-05
73.36,4.66,0.0,13.05,0.0,0.0,0.0,0.0,8.92,73.36,4.66,0.0,1.0,8.92,ALUN_ALUN_MERDEKA_UT-05.jpg,ALUN_ALUN_MERDEKA,UT-05
66.36,1.52,0.6,22.24,0.28,0.0,0.02,0.0,8.99,66.36,1.52,0.28,0.9738,9.01,ALUN_ALUN_MERDEKA_UT-04.jpg,ALUN_ALUN_MERDEKA,UT-04
