filename,area,point_id,label_beauty,label_safety,label_comfort,label_uvi
KAYUTANGAN_ST-01.jpg,KAYUTANGAN,ST-01,5.6393,3.153,5.6444,6.610999999999999
KAYUTANGAN_ST-02.jpg,KAYUTANGAN,ST-02,5.7767,2.9509999999999996,5.7944,6.985999999999999
KAYUTANGAN_ST-03.jpg,KAYUTANGAN,ST-03,3.9444000000000004,2.904,4.944,4.859999999999999
KAYUTANGAN_SB-01.jpg,KAYUTANGAN,SB-01,5.311,3.5017000000000005,5.5042,6.261999999999999
KAYUTANGAN_SB-02.jpg,KAYUTANGAN,SB-02,5.8336,2.748,5.8456,7.113999999999999
KAYUTANGAN_SB-03.jpg,KAYUTANGAN,SB-03,6.1258,2.5725000000000002,6.1312,7.828
KAYUTANGAN_ST-04.jpg,KAYUTANGAN,ST-04,5.544199999999999,2.908,5.6828,6.706999999999999
KAYUTANGAN_ST-05.jpg,KAYUTANGAN,ST-05,5.9149,2.8893000000000004,5.966800000000001,7.417
KAYUTANGAN_ST-06.jpg,KAYUTANGAN,ST-06,3.5122999999999998,3.0347999999999997,4.4768,3.692
KAYUTANGAN_SB-04.jpg,KAYUTANGAN,SB-04,6.307,2.6550000000000002,6.3112,8.278
KAYUTANGAN_SB-05.jpg,KAYUTANGAN,SB-05,6.0068,2.6215,6.008,7.5200000000000005
KAYUTANGAN_SB-06.jpg,KAYUTANGAN,SB-06,5.9898,2.5609,6.0012,7.515000000000001
KAYUTANGAN_ST-07.jpg,KAYUTANGAN,ST-07,4.9709,3.018,5.016800000000001,5.042
KAYUTANGAN_ST-08.jpg,KAYUTANGAN,ST-08,4.9348,2.5300000000000002,5.0476,5.119
KAYUTANGAN_ST-09.jpg,KAYUTANGAN,ST-09,5.481400000000001,2.7098,5.7924999999999995,6.661
KAYUTANGAN_SB-07.jpg,KAYUTANGAN,SB-07,5.0478000000000005,2.442,5.4696,6.1739999999999995
KAYUTANGAN_SB-08.jpg,KAYUTANGAN,SB-08,4.9747,2.0685,5.0137,5.034999999999999
KAYUTANGAN_SB-09.jpg,KAYUTANGAN,SB-09,5.214999999999999,2.5645,5.272,5.68
KAYUTANGAN_ST-10.jpg,KAYUTANGAN,ST-10,5.545299999999999,2.8076,5.6728,6.6819999999999995
KAYUTANGAN_ST-11.jpg,KAYUTANGAN,ST-11,5.614,2.5816,5.821600000000001,7.054
KAYUTANGAN_ST-12.jpg,KAYUTANGAN,ST-12,4.8949,2.8066000000000004,5.2438,5.179
KAYUTANGAN_SB-10.jpg,KAYUTANGAN,SB-10,5.5682,2.3308,5.876,7.19
KAYUTANGAN_SB-11.jpg,KAYUTANGAN,SB-11,5.5682,2.3308,5.876,7.19
KAYUTANGAN_SB-12.jpg,KAYUTANGAN,SB-12,3.5553,1.8319000000000003,4.7232,4.308
KAYUTANGAN_ST-13.jpg,KAYUTANGAN,ST-13,5.69,3.0118,5.692100000000001,6.404000000000001
KAYUTANGAN_ST-14.jpg,KAYUTANGAN,ST-14,4.5845,2.7194000000000003,5.0603,5.197999999999999
KAYUTANGAN_ST-15.jpg,KAYUTANGAN,ST-15,4.790000000000001,2.5826000000000002,4.1339,5.621
KAYUTANGAN_SB-13.jpg,KAYUTANGAN,SB-13,4.8353,2.6261,4.9343,5.653999999999999
KAYUTANGAN_SB-14.jpg,KAYUTANGAN,SB-14,5.131,2.7971,5.4334,5.872
KAYUTANGAN_SB-15.jpg,KAYUTANGAN,SB-15,5.2985,2.8671999999999995,5.5172,6.254
KAYUTANGAN_ST-16.jpg,KAYUTANGAN,ST-16,4.7209,2.0366000000000004,5.110899999999999,5.2780000000000005
KAYUTANGAN_ST-17.jpg,KAYUTANGAN,ST-17,4.6846000000000005,3.1513999999999998,5.2306,5.578
KAYUTANGAN_ST-18.jpg,KAYUTANGAN,ST-18,4.6598999999999995,3.2442,4.8903,5.136
KAYUTANGAN_SB-16.jpg,KAYUTANGAN,SB-16,4.9637,2.2005000000000003,4.9906999999999995,6.008
KAYUTANGAN_SB-17.jpg,KAYUTANGAN,SB-17,4.8024000000000004,2.4084000000000003,5.3814,5.984999999999999
KAYUTANGAN_SB-18.jpg,KAYUTANGAN,SB-18,5.0216,2.9836,5.406499999999999,6.071
KAYUTANGAN_ST-19.jpg,KAYUTANGAN,ST-19,4.764100000000001,3.2845,5.113300000000001,5.356
KAYUTANGAN_ST-20.jpg,KAYUTANGAN,ST-20,5.2102,2.6730000000000005,5.6248000000000005,6.562
KAYUTANGAN_ST-21.jpg,KAYUTANGAN,ST-21,5.7478,2.8615000000000004,5.8336,7.0840000000000005
KAYUTANGAN_SB-19.jpg,KAYUTANGAN,SB-19,5.3254,2.831,5.4577,6.5409999999999995
KAYUTANGAN_SB-20.jpg,KAYUTANGAN,SB-20,5.198400000000001,2.8411999999999997,5.5281,6.345000000000001
KAYUTANGAN_SB-21.jpg,KAYUTANGAN,SB-21,5.4375,2.8742,5.7552,6.891
KAYUTANGAN_ST-22.jpg,KAYUTANGAN,ST-22,5.6895,2.9697000000000005,5.7552,6.888
KAYUTANGAN_ST-23.jpg,KAYUTANGAN,ST-23,4.3639,2.2946,5.0596000000000005,5.148999999999999
KAYUTANGAN_ST-24.jpg,KAYUTANGAN,ST-24,4.418200000000001,3.0084000000000004,5.0008,5.002000000000001
KAYUTANGAN_SB-22.jpg,KAYUTANGAN,SB-22,6.1427,2.5495,6.1568,7.892
KAYUTANGAN_SB-23.jpg,KAYUTANGAN,SB-23,5.5531999999999995,2.5268,5.9717,7.427
KAYUTANGAN_SB-24.jpg,KAYUTANGAN,SB-24,5.745100000000001,2.6134000000000004,5.849200000000001,7.122999999999999
KAYUTANGAN_ST-25.jpg,KAYUTANGAN,ST-25,3.5337000000000005,2.0005,4.828799999999999,4.572
KAYUTANGAN_ST-26.jpg,KAYUTANGAN,ST-26,5.100499999999999,2.7581,5.514799999999999,6.286999999999999
KAYUTANGAN_ST-27.jpg,KAYUTANGAN,ST-27,4.6076999999999995,1.7036000000000002,5.526000000000001,6.3149999999999995
KAYUTANGAN_SB-25.jpg,KAYUTANGAN,SB-25,4.1762,2.7289000000000003,4.8344000000000005,4.586
KAYUTANGAN_SB-26.jpg,KAYUTANGAN,SB-26,5.8517,2.431,6.143600000000001,7.859
KAYUTANGAN_SB-27.jpg,KAYUTANGAN,SB-27,4.677200000000001,2.5596000000000005,5.3012,5.753
KAYUTANGAN_ST-28.jpg,KAYUTANGAN,ST-28,5.3608,3.1982,5.4832,6.208
KAYUTANGAN_ST-29.jpg,KAYUTANGAN,ST-29,4.9449,3.1954000000000002,5.0598,5.180999999999999
KAYUTANGAN_ST-30.jpg,KAYUTANGAN,ST-30,4.1622,3.0492000000000004,4.9044,4.761
KAYUTANGAN_SB-28.jpg,KAYUTANGAN,SB-28,4.6476,2.0466,5.4552000000000005,6.138
KAYUTANGAN_SB-29.jpg,KAYUTANGAN,SB-29,5.3035,3.1929000000000003,5.4628,6.156999999999999
KAYUTANGAN_SB-30.jpg,KAYUTANGAN,SB-30,5.3544,3.1334000000000004,5.4096,6.023999999999999
KAYUTANGAN_UT-01.jpg,KAYUTANGAN,UT-01,5.6969,2.8095,5.793200000000001,6.982999999999999
KAYUTANGAN_UT-02.jpg,KAYUTANGAN,UT-02,5.827800000000001,2.4413,6.016800000000001,7.542
KAYUTANGAN_UT-03.jpg,KAYUTANGAN,UT-03,4.9049000000000005,3.1326,5.091200000000001,5.228
KAYUTANGAN_UB-01.jpg,KAYUTANGAN,UB-01,5.2829,3.0065,5.3804,5.950999999999999
KAYUTANGAN_UB-02.jpg,KAYUTANGAN,UB-02,5.4198,3.4625,5.4804,6.200999999999999
KAYUTANGAN_UT-04.jpg,KAYUTANGAN,UT-04,5.5155,2.8436000000000003,5.723999999999999,6.81
KAYUTANGAN_UT-05.jpg,KAYUTANGAN,UT-05,6.0707,2.679,6.0920000000000005,7.729999999999999
KAYUTANGAN_UT-06.jpg,KAYUTANGAN,UT-06,5.481,2.4829999999999997,5.5416,6.353999999999999
KAYUTANGAN_UB-04.jpg,KAYUTANGAN,UB-04,5.5524000000000004,2.7990000000000004,5.586,6.465000000000001
KAYUTANGAN_UB-05.jpg,KAYUTANGAN,UB-05,4.8033,3.0755000000000003,5.0856,5.214
KAYUTANGAN_UB-06.jpg,KAYUTANGAN,UB-06,5.9754,2.3867000000000003,6.0984,7.7459999999999996
KAYUTANGAN_UT-07.jpg,KAYUTANGAN,UT-07,5.1353,2.7272000000000003,5.5196,6.2989999999999995
KAYUTANGAN_UT-08.jpg,KAYUTANGAN,UT-08,6.0292,2.5271999999999997,6.082,7.705
KAYUTANGAN_UT-09.jpg,KAYUTANGAN,UT-09,4.5394000000000005,2.5722,5.1229,5.613999999999999
KAYUTANGAN_UB-07.jpg,KAYUTANGAN,UB-07,4.0683,2.4905,5.0184,5.045999999999999
KAYUTANGAN_UB-08.jpg,KAYUTANGAN,UB-08,5.4823,2.681,5.662000000000001,6.654999999999999
KAYUTANGAN_UB-09.jpg,KAYUTANGAN,UB-09,6.0043,2.6435,6.0604,7.651000000000001
KAYUTANGAN_UT-10.jpg,KAYUTANGAN,UT-10,5.935,2.1598,6.2596,8.149
KAYUTANGAN_UT-11.jpg,KAYUTANGAN,UT-11,5.5927999999999995,2.5673000000000004,5.909000000000001,7.279999999999999
KAYUTANGAN_UT-12.jpg,KAYUTANGAN,UT-12,5.2443,2.6037,5.4948,6.237
KAYUTANGAN_UB-10.jpg,KAYUTANGAN,UB-10,5.837400000000001,2.4398000000000004,6.0312,7.578
KAYUTANGAN_UB-11.jpg,KAYUTANGAN,UB-11,5.919200000000001,2.4948,5.945600000000001,7.363999999999999
KAYUTANGAN_UB-12.jpg,KAYUTANGAN,UB-12,5.268,2.2378,5.784000000000001,6.959999999999999
KAYUTANGAN_UT-13.jpg,KAYUTANGAN,UT-13,5.405800000000001,2.9084,5.5816,6.454000000000001
KAYUTANGAN_UT-14.jpg,KAYUTANGAN,UT-14,5.807300000000001,2.3792999999999997,6.0572,7.643000000000001
KAYUTANGAN_UT-15.jpg,KAYUTANGAN,UT-15,5.7780000000000005,2.7721000000000005,5.8008,7.002
KAYUTANGAN_UB-13.jpg,KAYUTANGAN,UB-13,4.8041,2.8043,5.3768,5.942
KAYUTANGAN_UB-14.jpg,KAYUTANGAN,UB-14,5.1842,3.345,5.2385,5.590999999999999
KAYUTANGAN_UB-15.jpg,KAYUTANGAN,UB-15,5.9227,2.2993,6.2452,8.113
KAYUTANGAN_UT-16.jpg,KAYUTANGAN,UT-16,5.1806,2.6295,5.6024,6.506
KAYUTANGAN_UT-17.jpg,KAYUTANGAN,UT-17,5.4523,2.5940000000000003,5.7724,6.931
KAYUTANGAN_UT-18.jpg,KAYUTANGAN,UT-18,4.9983,2.5583,5.5572,6.392999999999999
KAYUTANGAN_UB-16.jpg,KAYUTANGAN,UB-16,5.0859000000000005,2.222,5.1168000000000005,5.292
KAYUTANGAN_UB-17.jpg,KAYUTANGAN,UB-17,4.8332999999999995,3.1085000000000003,5.0568,5.142
KAYUTANGAN_UB-18.jpg,KAYUTANGAN,UB-18,5.3859,1.9418,5.865600000000001,7.164
KAYUTANGAN_UT-19.jpg,KAYUTANGAN,UT-19,4.9209,2.3655,5.5752,6.438
KAYUTANGAN_UT-20.jpg,KAYUTANGAN,UT-20,5.5877,2.544,5.6531,7.025
KAYUTANGAN_UT-21.jpg,KAYUTANGAN,UT-21,5.1559,3.1759999999999997,5.3212,5.802999999999999
KAYUTANGAN_UB-19.jpg,KAYUTANGAN,UB-19,5.131,2.9144000000000005,5.3332,5.833
KAYUTANGAN_UB-20.jpg,KAYUTANGAN,UB-20,4.934900000000001,3.3019999999999996,5.234,5.584999999999999
KAYUTANGAN_UB-21.jpg,KAYUTANGAN,UB-21,5.695400000000001,2.7512,5.966,7.415000000000001
KAYUTANGAN_UT-22.jpg,KAYUTANGAN,UT-22,5.398300000000001,2.4841,5.7529,6.919
KAYUTANGAN_UT-23.jpg,KAYUTANGAN,UT-23,4.8346,2.5101000000000004,5.5144,6.286
KAYUTANGAN_UT-24.jpg,KAYUTANGAN,UT-24,4.8061,3.2634999999999996,5.2396,5.598999999999999
KAYUTANGAN_UB-22.jpg,KAYUTANGAN,UB-22,4.5084,3.607,4.9716000000000005,4.929
KAYUTANGAN_UB-23.jpg,KAYUTANGAN,UB-23,4.723000000000001,3.193,5.038,5.095000000000001
KAYUTANGAN_UB-24.jpg,KAYUTANGAN,UB-24,5.164199999999999,2.456,5.6808,6.702
KAYUTANGAN_UT-25.jpg,KAYUTANGAN,UT-25,4.6091,3.5437000000000003,4.8668000000000005,4.667
KAYUTANGAN_UT-26.jpg,KAYUTANGAN,UT-26,4.975,2.9560000000000004,5.413600000000001,6.034000000000001
KAYUTANGAN_UT-27.jpg,KAYUTANGAN,UT-27,5.276000000000001,3.075,5.4548000000000005,6.136999999999999
KAYUTANGAN_UB-25.jpg,KAYUTANGAN,UB-25,5.281000000000001,3.1718,5.3344000000000005,5.836
KAYUTANGAN_UB-26.jpg,KAYUTANGAN,UB-26,4.5516,2.6025,4.8468,4.617
KAYUTANGAN_UB-27.jpg,KAYUTANGAN,UB-27,4.0369,3.094,4.9252,4.813000000000001
KAYUTANGAN_UT-28.jpg,KAYUTANGAN,UT-28,5.382,3.156,5.1335999999999995,6.581999999999999
KAYUTANGAN_UT-29.jpg,KAYUTANGAN,UT-29,5.4293000000000005,2.8808000000000002,5.354900000000001,6.815
KAYUTANGAN_UT-30.jpg,KAYUTANGAN,UT-30,5.404,2.7975000000000003,5.603199999999999,6.508
KAYUTANGAN_UB-28.jpg,KAYUTANGAN,UB-28,5.8262,3.0130000000000003,5.9636000000000005,7.409000000000001
KAYUTANGAN_UB-29.jpg,KAYUTANGAN,UB-29,5.3623,3.039,5.5456,6.366999999999999
KAYUTANGAN_UB-30.jpg,KAYUTANGAN,UB-30,4.9697000000000005,2.7275,5.4044,6.011
KAYUTANGAN_BU-01.jpg,KAYUTANGAN,BU-01,4.9986999999999995,3.1948999999999996,5.392,6.022
KAYUTANGAN_BU-02.jpg,KAYUTANGAN,BU-02,4.9503,3.214,5.1732,5.433
KAYUTANGAN_BU-03.jpg,KAYUTANGAN,BU-03,4.6761,3.2980000000000005,4.9752,4.938000000000001
KAYUTANGAN_BS-01.jpg,KAYUTANGAN,BS-01,4.3453,3.4547,4.9696,4.9239999999999995
KAYUTANGAN_BS-02.jpg,KAYUTANGAN,BS-02,4.612,2.2195,4.8436,4.609
KAYUTANGAN_BS-03.jpg,KAYUTANGAN,BS-03,4.694,3.754,4.994,4.984999999999999
KAYUTANGAN_BS-04.jpg,KAYUTANGAN,BS-04,4.8777,3.2409999999999997,5.2236,5.558999999999999
KAYUTANGAN_BS-05.jpg,KAYUTANGAN,BS-05,5.5344,3.3560000000000003,5.5968,6.491999999999999
KAYUTANGAN_BS-06.jpg,KAYUTANGAN,BS-06,6.0406,2.415,6.204400000000001,7.863999999999999
KAYUTANGAN_BU-04.jpg,KAYUTANGAN,BU-04,4.3173,3.2769999999999997,4.9344,4.836
KAYUTANGAN_BU-05.jpg,KAYUTANGAN,BU-05,5.399,3.1525,5.4512,6.128
KAYUTANGAN_BU-06.jpg,KAYUTANGAN,BU-06,5.7182,2.9859999999999998,5.7584,6.895999999999999
KAYUTANGAN_BS-07.jpg,KAYUTANGAN,BS-07,5.7489,3.1975000000000002,5.8524,7.131
KAYUTANGAN_BS-08.jpg,KAYUTANGAN,BS-08,5.3078,2.9835000000000003,5.5796,6.449
KAYUTANGAN_BS-09.jpg,KAYUTANGAN,BS-09,5.1383,3.4995,5.4164,6.040999999999999
KAYUTANGAN_BU-07.jpg,KAYUTANGAN,BU-07,5.3715,3.187,5.571600000000001,6.429
KAYUTANGAN_BU-08.jpg,KAYUTANGAN,BU-08,5.4333,3.278,5.61,6.525
KAYUTANGAN_BU-09.jpg,KAYUTANGAN,BU-09,5.4688,3.428,5.5840000000000005,6.459999999999999
KAYUTANGAN_BS-10.jpg,KAYUTANGAN,BS-10,5.7102,3.189,5.8356,7.089
KAYUTANGAN_BS-11.jpg,KAYUTANGAN,BS-11,5.2299999999999995,3.5112,5.3962,5.991999999999999
KAYUTANGAN_BS-12.jpg,KAYUTANGAN,BS-12,4.394500000000001,3.4162999999999997,4.9414,4.854999999999999
KAYUTANGAN_BU-10.jpg,KAYUTANGAN,BU-10,4.6536,2.1058000000000003,4.998,4.994999999999999
KAYUTANGAN_BU-11.jpg,KAYUTANGAN,BU-11,5.4059,3.5265,5.5604,6.401000000000001
KAYUTANGAN_BU-12.jpg,KAYUTANGAN,BU-12,5.0053,3.4251000000000005,5.2996,5.7490000000000006
KAYUTANGAN_BS-13.jpg,KAYUTANGAN,BS-13,5.273000000000001,3.4893,5.4728,6.182
KAYUTANGAN_BU-13.jpg,KAYUTANGAN,BU-13,4.9701,3.2314999999999996,5.1335999999999995,5.3340000000000005
KAYUTANGAN_TS-01.jpg,KAYUTANGAN,TS-01,5.1696,2.742,5.55,6.375
KAYUTANGAN_TS-02.jpg,KAYUTANGAN,TS-02,3.8317,2.4564,4.6732,4.183
KAYUTANGAN_TS-03.jpg,KAYUTANGAN,TS-03,5.5356,3.036,5.801699999999999,6.968999999999999
KAYUTANGAN_TU-01.jpg,KAYUTANGAN,TU-01,5.1997,3.565,5.338,5.845000000000001
KAYUTANGAN_TU-02.jpg,KAYUTANGAN,TU-02,5.1899,2.7704,5.343500000000001,5.984
KAYUTANGAN_TU-03.jpg,KAYUTANGAN,TU-03,5.437600000000001,3.1519,5.5516000000000005,6.379
KAYUTANGAN_TS-04.jpg,KAYUTANGAN,TS-04,5.210299999999999,2.806,5.5064,6.266
KAYUTANGAN_TS-05.jpg,KAYUTANGAN,TS-05,5.2218,2.508,5.5920000000000005,6.479999999999999
KAYUTANGAN_TS-06.jpg,KAYUTANGAN,TS-06,5.039700000000001,2.748,5.4996,6.2490000000000006
KAYUTANGAN_TU-04.jpg,KAYUTANGAN,TU-04,5.661200000000001,3.1085000000000003,5.799200000000001,6.997999999999999
KAYUTANGAN_TU-05.jpg,KAYUTANGAN,TU-05,4.9353,2.7595,5.3472,5.868
KAYUTANGAN_TU-06.jpg,KAYUTANGAN,TU-06,5.0665,2.7129000000000003,5.1544,5.386
KAYUTANGAN_TS-07.jpg,KAYUTANGAN,TS-07,4.814,3.6105000000000005,5.122400000000001,5.305999999999999
KAYUTANGAN_TS-08.jpg,KAYUTANGAN,TS-08,4.9965,3.098,5.202,5.505
KAYUTANGAN_TS-09.jpg,KAYUTANGAN,TS-09,5.202800000000001,2.618,5.720000000000001,6.8
KAYUTANGAN_TU-07.jpg,KAYUTANGAN,TU-07,5.449600000000001,2.9925,5.7736,6.934
KAYUTANGAN_TU-08.jpg,KAYUTANGAN,TU-08,5.1532,3.2583999999999995,5.4292,6.072999999999999
KAYUTANGAN_TU-09.jpg,KAYUTANGAN,TU-09,4.777800000000001,2.9865000000000004,5.193600000000001,5.484
KAYUTANGAN_TS-10.jpg,KAYUTANGAN,TS-10,5.8098,2.9575,5.9112,7.2780000000000005
KAYUTANGAN_TS-11.jpg,KAYUTANGAN,TS-11,5.6881,3.1085000000000003,5.86,7.15
KAYUTANGAN_TS-12.jpg,KAYUTANGAN,TS-12,5.894,2.9185000000000003,5.9276,7.319
KAYUTANGAN_TU-10.jpg,KAYUTANGAN,TU-10,5.607900000000001,3.1466000000000003,5.7792,6.948
KAYUTANGAN_TU-11.jpg,KAYUTANGAN,TU-11,6.2018,2.8055,6.2636,8.159
KAYUTANGAN_TU-12.jpg,KAYUTANGAN,TU-12,5.5974,3.0780000000000003,5.8224,7.056
KAYUTANGAN_TS-13.jpg,KAYUTANGAN,TS-13,5.7244,2.5025,5.806,7.015000000000001
KAYUTANGAN_TS-14.jpg,KAYUTANGAN,TS-14,5.7451,2.891,5.9776,7.444
KAYUTANGAN_TU-13.jpg,KAYUTANGAN,TU-13,5.883100000000001,2.692,6.0364,7.590999999999999
KAYUTANGAN_TU-14.jpg,KAYUTANGAN,TU-14,4.2538,2.4694000000000003,4.9696,4.9239999999999995
KAYUTANGAN_BU-01_2.jpg,KAYUTANGAN,BU-01,5.2247,3.7841,5.288,5.720000000000001
KAYUTANGAN_BU-02_2.jpg,KAYUTANGAN,BU-02,5.6134,2.5415,5.9308,7.327
KAYUTANGAN_BU-03_2.jpg,KAYUTANGAN,BU-03,4.8585,3.414,5.1912,5.478
KAYUTANGAN_BS-01_2.jpg,KAYUTANGAN,BS-01,5.300800000000001,2.8994,5.623600000000001,6.559
KAYUTANGAN_BS-02_2.jpg,KAYUTANGAN,BS-02,5.1614,2.9012000000000002,5.57,6.425
KAYUTANGAN_BS-03_2.jpg,KAYUTANGAN,BS-03,5.1213999999999995,3.3478000000000003,5.4472000000000005,6.118
KAYUTANGAN_BS-04_2.jpg,KAYUTANGAN,BS-04,4.2045,2.7013000000000003,5.1168000000000005,5.292
KAYUTANGAN_BS-05_2.jpg,KAYUTANGAN,BS-05,4.5342,2.5936,5.0484,5.121
KAYUTANGAN_BS-06_2.jpg,KAYUTANGAN,BS-06,4.8391,3.2267,5.296,5.74
KAYUTANGAN_BU-04_2.jpg,KAYUTANGAN,BU-04,4.6055,2.9635,5.0408,5.101999999999999
KAYUTANGAN_BU-05_2.jpg,KAYUTANGAN,BU-05,5.0282,2.997,5.4884,6.220999999999999
KAYUTANGAN_BU-06_2.jpg,KAYUTANGAN,BU-06,4.660500000000001,2.3833,5.2896,5.723999999999999
KAYUTANGAN_BS-07_2.jpg,KAYUTANGAN,BS-07,4.6745,2.7788000000000004,5.202800000000001,5.507
KAYUTANGAN_BS-08_2.jpg,KAYUTANGAN,BS-08,5.6506,3.073,5.4655000000000005,7.0840000000000005
KAYUTANGAN_BS-09_2.jpg,KAYUTANGAN,BS-09,5.0771,3.4788000000000006,5.3864,5.965999999999999
KAYUTANGAN_BU-07_2.jpg,KAYUTANGAN,BU-07,4.726999999999999,3.3260000000000005,5.1038,5.261
KAYUTANGAN_BU-08_2.jpg,KAYUTANGAN,BU-08,5.347700000000001,3.2802000000000007,5.5301,6.5120000000000005
KAYUTANGAN_BU-09_2.jpg,KAYUTANGAN,BU-09,4.863,3.0818,5.3544,5.886
KAYUTANGAN_BS-10_2.jpg,KAYUTANGAN,BS-10,4.8285,3.0537,5.358,5.8950000000000005
KAYUTANGAN_BS-11_2.jpg,KAYUTANGAN,BS-11,5.314,2.6783,5.8012,7.003
KAYUTANGAN_BS-12_2.jpg,KAYUTANGAN,BS-12,5.2664,3.2255000000000003,5.5844000000000005,6.461
KAYUTANGAN_BU-10_2.jpg,KAYUTANGAN,BU-10,5.586799999999999,2.9906,5.8208,7.052
KAYUTANGAN_BU-11_2.jpg,KAYUTANGAN,BU-11,4.4714,3.2473,5.075,5.186
KAYUTANGAN_BU-12_2.jpg,KAYUTANGAN,BU-12,5.6423000000000005,2.5118,6.002,7.505
KAYUTANGAN_BS-13_2.jpg,KAYUTANGAN,BS-13,5.4738,3.132,5.7288,6.822
KAYUTANGAN_BS-14.jpg,KAYUTANGAN,BS-14,4.982200000000001,2.9301000000000004,5.516800000000001,6.292
KAYUTANGAN_BS-15.jpg,KAYUTANGAN,BS-15,5.5586,3.194,5.7536000000000005,6.698
KAYUTANGAN_BU-13_2.jpg,KAYUTANGAN,BU-13,4.9125,2.7072000000000003,5.5428,6.356999999999999
KAYUTANGAN_BU-14.jpg,KAYUTANGAN,BU-14,5.5464,2.7024999999999997,5.9112,7.2780000000000005
KAYUTANGAN_BU-15.jpg,KAYUTANGAN,BU-15,5.5904,2.7648,5.9276,7.319
KAYUTANGAN_BS-16.jpg,KAYUTANGAN,BS-16,4.606,3.5900999999999996,5.056,5.139999999999999
KAYUTANGAN_BS-17.jpg,KAYUTANGAN,BS-17,5.4723,2.8529000000000004,5.823600000000001,7.059
KAYUTANGAN_BS-18.jpg,KAYUTANGAN,BS-18,5.2811,2.9871000000000003,5.6744,6.686
KAYUTANGAN_BU-16.jpg,KAYUTANGAN,BU-16,5.4698,2.5973,5.8826,7.2170000000000005
KAYUTANGAN_BU-17.jpg,KAYUTANGAN,BU-17,5.7783,2.6281000000000003,6.0684,7.670999999999999
KAYUTANGAN_BU-18.jpg,KAYUTANGAN,BU-18,5.4489,2.9240000000000004,5.6904,6.726000000000001
KAYUTANGAN_BS-19.jpg,KAYUTANGAN,BS-19,5.077,2.848,5.6104,6.526000000000001
KAYUTANGAN_BS-20.jpg,KAYUTANGAN,BS-20,5.6449,3.0033000000000003,5.8588000000000005,7.147
KAYUTANGAN_BS-21.jpg,KAYUTANGAN,BS-21,4.954,3.2123000000000004,5.2864,5.715999999999999
KAYUTANGAN_BU-19.jpg,KAYUTANGAN,BU-19,5.2348,2.9124000000000003,5.582800000000001,6.456999999999999
KAYUTANGAN_BU-20.jpg,KAYUTANGAN,BU-20,5.215,3.1213,5.5840000000000005,6.459999999999999
KAYUTANGAN_BU-21.jpg,KAYUTANGAN,BU-21,4.8164,2.8355,5.280800000000001,5.702
KAYUTANGAN_BS-22.jpg,KAYUTANGAN,BS-22,5.2887,3.213,5.572799999999999,6.4319999999999995
KAYUTANGAN_BS-23.jpg,KAYUTANGAN,BS-23,4.385,2.8901000000000003,5.174,5.4350000000000005
KAYUTANGAN_BS-24.jpg,KAYUTANGAN,BS-24,5.592700000000001,3.0983000000000005,5.7526,6.904000000000001
KAYUTANGAN_BU-22.jpg,KAYUTANGAN,BU-22,4.9457,2.6733000000000002,5.4356,6.089
KAYUTANGAN_BU-23.jpg,KAYUTANGAN,BU-23,4.6558,3.5113,5.135800000000001,5.340999999999999
KAYUTANGAN_BU-24.jpg,KAYUTANGAN,BU-24,5.248400000000001,3.097,5.460800000000001,6.151999999999999
KAYUTANGAN_BS-25.jpg,KAYUTANGAN,BS-25,5.2628,3.1895000000000002,5.5868,6.4670000000000005
KAYUTANGAN_BS-26.jpg,KAYUTANGAN,BS-26,5.4146,2.8375,5.7752,6.938
KAYUTANGAN_BS-27.jpg,KAYUTANGAN,BS-27,5.555,2.8618,5.8376,7.093999999999999
KAYUTANGAN_BU-25.jpg,KAYUTANGAN,BU-25,5.3241,3.3313,5.514,6.284999999999999
KAYUTANGAN_BU-26.jpg,KAYUTANGAN,BU-26,4.9031,3.3716,5.3099,5.779999999999999
KAYUTANGAN_BU-27.jpg,KAYUTANGAN,BU-27,5.1857999999999995,3.3615000000000004,5.4012,6.003
KAYUTANGAN_BS-28.jpg,KAYUTANGAN,BS-28,5.2943,2.4318,5.3378,6.5120000000000005
KAYUTANGAN_BS-29.jpg,KAYUTANGAN,BS-29,5.1444,3.7147000000000006,5.3136,5.784000000000001
KAYUTANGAN_BS-30.jpg,KAYUTANGAN,BS-30,4.8453,3.3850000000000002,5.1948,5.487
KAYUTANGAN_BU-28.jpg,KAYUTANGAN,BU-28,5.0075,3.6895,5.1788,5.447
KAYUTANGAN_BU-29.jpg,KAYUTANGAN,BU-29,4.6086,3.3958,5.0904,5.225999999999999
KAYUTANGAN_BU-30.jpg,KAYUTANGAN,BU-30,5.1268,2.8079,5.297499999999999,5.778999999999999
KAYUTANGAN_BS-31.jpg,KAYUTANGAN,BS-31,4.8903,3.4197,5.1372,5.342999999999999
KAYUTANGAN_BS-32.jpg,KAYUTANGAN,BS-32,5.3888,2.3605,5.6288,6.572
KAYUTANGAN_BS-33.jpg,KAYUTANGAN,BS-33,5.1499,3.043,5.296,5.74
KAYUTANGAN_BU-31.jpg,KAYUTANGAN,BU-31,4.671,3.5844,4.9935,4.997999999999999
KAYUTANGAN_BU-32.jpg,KAYUTANGAN,BU-32,5.137700000000001,3.4115,5.1716,5.429
KAYUTANGAN_BU-33.jpg,KAYUTANGAN,BU-33,5.2348,3.6224000000000003,5.292400000000001,5.731
KAYUTANGAN_BS-34.jpg,KAYUTANGAN,BS-34,5.6899999999999995,2.8102,5.8508,7.127
KAYUTANGAN_BS-35.jpg,KAYUTANGAN,BS-35,5.314,2.9703,5.4124,6.031000000000001
KAYUTANGAN_BS-36.jpg,KAYUTANGAN,BS-36,4.7161,3.19,5.1088000000000005,5.272
KAYUTANGAN_BU-34.jpg,KAYUTANGAN,BU-34,4.7173,3.0233,4.9576,4.894
KAYUTANGAN_BU-35.jpg,KAYUTANGAN,BU-35,4.8349,3.6445999999999996,5.038,5.095000000000001
KAYUTANGAN_BU-36.jpg,KAYUTANGAN,BU-36,5.181,2.9745000000000004,5.4471,6.18
KAYUTANGAN_TS-01_2.jpg,KAYUTANGAN,TS-01,4.8578,3.0986000000000002,5.3588000000000005,5.897
KAYUTANGAN_TS-02_2.jpg,KAYUTANGAN,TS-02,5.4765999999999995,3.0094000000000003,5.6608,6.651999999999999
KAYUTANGAN_TS-03_2.jpg,KAYUTANGAN,TS-03,5.1534,3.5541000000000005,5.3274,5.82
KAYUTANGAN_TU-01_2.jpg,KAYUTANGAN,TU-01,4.329300000000001,2.4183,5.1564,5.391
KAYUTANGAN_TU-02_2.jpg,KAYUTANGAN,TU-02,4.5914,2.3979000000000004,4.8668000000000005,4.667
KAYUTANGAN_TU-03_2.jpg,KAYUTANGAN,TU-03,5.6362000000000005,2.8596,5.8912,7.228
KAYUTANGAN_TS-04_2.jpg,KAYUTANGAN,TS-04,3.9926000000000004,3.0010000000000003,4.8835999999999995,4.7090000000000005
KAYUTANGAN_TS-05_2.jpg,KAYUTANGAN,TS-05,5.2508,3.5789999999999997,5.3228,5.807
KAYUTANGAN_TS-06.png,KAYUTANGAN,TS-06,5.6661,3.0554,5.800800000000001,7.056
KAYUTANGAN_TU-04_2.jpg,KAYUTANGAN,TU-04,5.3954,3.3939999999999997,5.4584,6.145999999999999
KAYUTANGAN_TU-05_2.jpg,KAYUTANGAN,TU-05,5.339099999999999,3.1686,5.618399999999999,6.545999999999999
KAYUTANGAN_TU-06_2.jpg,KAYUTANGAN,TU-06,4.6788,3.0754000000000006,4.9848,5.067
KAYUTANGAN_TS-07_2.jpg,KAYUTANGAN,TS-07,5.0968,3.3536,5.302,5.755
KAYUTANGAN_TS-08_2.jpg,KAYUTANGAN,TS-08,5.206100000000001,3.132,5.4596,6.148999999999999
KAYUTANGAN_TS-09_2.jpg,KAYUTANGAN,TS-09,5.530900000000001,3.3993,5.6656,6.664
KAYUTANGAN_TU-07_2.jpg,KAYUTANGAN,TU-07,5.4833,3.0625,5.720000000000001,6.8
KAYUTANGAN_TU-08_2.jpg,KAYUTANGAN,TU-08,5.490400000000001,3.4125,5.626,6.565
KAYUTANGAN_TU-09_2.jpg,KAYUTANGAN,TU-09,5.2913,3.2923,5.5292,6.322999999999999
KAYUTANGAN_TS-10_2.jpg,KAYUTANGAN,TS-10,5.1111,3.1824,5.462400000000001,6.156000000000001
KAYUTANGAN_TS-11_2.jpg,KAYUTANGAN,TS-11,5.2554,3.2483999999999993,5.4228000000000005,6.057
KAYUTANGAN_TS-12_2.jpg,KAYUTANGAN,TS-12,5.1111,3.4880000000000004,5.3676,5.918999999999999
KAYUTANGAN_TU-10_2.jpg,KAYUTANGAN,TU-10,5.4735,3.1255,5.671200000000001,6.678
KAYUTANGAN_TU-11_2.jpg,KAYUTANGAN,TU-11,5.312,3.0269,5.6456,6.613999999999999
KAYUTANGAN_TU-12_2.jpg,KAYUTANGAN,TU-12,4.850199999999999,3.181,5.3286999999999995,5.884
KAYUTANGAN_TS-13_2.jpg,KAYUTANGAN,TS-13,4.6569,3.8883,4.8192,4.547999999999999
KAYUTANGAN_TS-14_2.jpg,KAYUTANGAN,TS-14,5.342499999999999,3.3346000000000005,5.5287999999999995,6.322
KAYUTANGAN_TS-15.jpg,KAYUTANGAN,TS-15,4.6676,3.1730000000000005,5.2064,5.516
KAYUTANGAN_TU-13_2.jpg,KAYUTANGAN,TU-13,5.224200000000001,3.1176000000000004,5.5908,6.4769999999999985
KAYUTANGAN_TU-14_2.jpg,KAYUTANGAN,TU-14,5.6897,2.8628,5.9084,7.270999999999999
KAYUTANGAN_TU-15.jpg,KAYUTANGAN,TU-15,4.850199999999999,3.181,5.3286999999999995,5.884
KAYUTANGAN_TS-16.jpg,KAYUTANGAN,TS-16,5.1508,3.4442999999999997,5.3788,5.947
KAYUTANGAN_TS-17.jpg,KAYUTANGAN,TS-17,4.863899999999999,3.1649000000000003,5.3172,5.792999999999999
KAYUTANGAN_TS-18.jpg,KAYUTANGAN,TS-18,5.4622,2.9925,5.644,6.609999999999999
KAYUTANGAN_TU-16.jpg,KAYUTANGAN,TU-16,5.1939,3.1694000000000004,5.4504,6.1259999999999994
KAYUTANGAN_TU-17.jpg,KAYUTANGAN,TU-17,5.2694,3.5124000000000004,5.4475999999999996,6.119
KAYUTANGAN_TU-18.jpg,KAYUTANGAN,TU-18,4.8441,3.4001000000000006,5.214,5.534999999999999
KAYUTANGAN_TS-19.jpg,KAYUTANGAN,TS-19,5.0939,3.6430000000000007,5.289199999999999,5.722999999999999
KAYUTANGAN_TS-20.jpg,KAYUTANGAN,TS-20,4.8545,2.7839,5.4155,6.068
KAYUTANGAN_TS-21.jpg,KAYUTANGAN,TS-21,4.8259,3.1976999999999998,5.314,5.784999999999999
KAYUTANGAN_TU-19.jpg,KAYUTANGAN,TU-19,5.0463000000000005,3.0445,5.445600000000001,6.113999999999999
KAYUTANGAN_TU-20.jpg,KAYUTANGAN,TU-20,4.7777,2.7519,5.401999999999999,6.005
KAYUTANGAN_TU-21.jpg,KAYUTANGAN,TU-21,5.0896,2.8340000000000005,5.5636,6.409000000000001
KAYUTANGAN_TS-22.jpg,KAYUTANGAN,TS-22,4.5528,2.9946,5.127599999999999,5.331
KAYUTANGAN_TS-23.jpg,KAYUTANGAN,TS-23,4.0146,2.5596000000000005,4.9512,4.878
KAYUTANGAN_TS-24.jpg,KAYUTANGAN,TS-24,5.136,3.4219,5.4012,6.003
KAYUTANGAN_TU-22.jpg,KAYUTANGAN,TU-22,4.7493,3.3320999999999996,5.161199999999999,5.475
KAYUTANGAN_TU-23.jpg,KAYUTANGAN,TU-23,5.5006,3.3575000000000004,5.6536,6.634
KAYUTANGAN_TU-24.jpg,KAYUTANGAN,TU-24,5.505,3.3138000000000005,5.6796,6.699
KAYUTANGAN_TS-25.jpg,KAYUTANGAN,TS-25,5.4648,3.1288000000000005,5.571600000000001,6.429
KAYUTANGAN_TS-26.jpg,KAYUTANGAN,TS-26,5.1030999999999995,3.4560000000000004,5.3116,5.778999999999999
KAYUTANGAN_TS-27.jpg,KAYUTANGAN,TS-27,4.4488,2.4411,5.212000000000001,5.529999999999999
KAYUTANGAN_TU-25.jpg,KAYUTANGAN,TU-25,5.083,3.7504999999999997,5.26,5.65
KAYUTANGAN_TU-26.jpg,KAYUTANGAN,TU-26,5.2631,2.8252,5.626399999999999,6.566
KAYUTANGAN_TU-27.jpg,KAYUTANGAN,TU-27,4.4301,2.5379,5.1732,5.484
KAYUTANGAN_TS-28.jpg,KAYUTANGAN,TS-28,4.3757,3.1926,4.9544,4.886
KAYUTANGAN_TU-28.jpg,KAYUTANGAN,TU-28,5.2552,2.361,5.622400000000001,6.556
ALUN_ALUN_TUGU_TB-01.jpg,ALUN_ALUN_TUGU,TB-01,4.3642,3.1728,4.0687,4.950999999999999
ALUN_ALUN_TUGU_TB-02.jpg,ALUN_ALUN_TUGU,TB-02,4.9554,2.8742,5.0165999999999995,5.814
ALUN_ALUN_TUGU_TB-03.jpg,ALUN_ALUN_TUGU,TB-03,4.9673,2.893,4.7621,5.693
ALUN_ALUN_TUGU_TT-01.jpg,ALUN_ALUN_TUGU,TT-01,5.18,2.2891,5.3165,5.962999999999999
ALUN_ALUN_TUGU_TT-02.jpg,ALUN_ALUN_TUGU,TT-02,5.358700000000001,2.7663,4.9479999999999995,6.372999999999999
ALUN_ALUN_TUGU_TT-03.jpg,ALUN_ALUN_TUGU,TT-03,5.493399999999999,2.8975,5.2891,6.4030000000000005
ALUN_ALUN_TUGU_TB-04.jpg,ALUN_ALUN_TUGU,TB-04,5.051900000000001,3.1003999999999996,4.8509,5.545999999999999
ALUN_ALUN_TUGU_TB-05.jpg,ALUN_ALUN_TUGU,TB-05,5.187600000000001,3.1512000000000002,5.2914,5.673
ALUN_ALUN_TUGU_TB-06.jpg,ALUN_ALUN_TUGU,TB-06,5.333,2.7342000000000004,5.4185,6.083
ALUN_ALUN_TUGU_TT-04.jpg,ALUN_ALUN_TUGU,TT-04,5.6111,2.3056,5.873900000000001,7.0009999999999994
ALUN_ALUN_TUGU_TT-05.jpg,ALUN_ALUN_TUGU,TT-05,5.2313,2.5246000000000004,5.284999999999999,5.987
ALUN_ALUN_TUGU_TT-06.jpg,ALUN_ALUN_TUGU,TT-06,5.744999999999999,2.5371,5.8512,6.962999999999999
ALUN_ALUN_TUGU_TB-07.jpg,ALUN_ALUN_TUGU,TB-07,5.1974,2.6554,3.3802999999999996,5.9030000000000005
ALUN_ALUN_TUGU_TB-08.jpg,ALUN_ALUN_TUGU,TB-08,5.6014,2.7327000000000004,5.326600000000001,6.55
ALUN_ALUN_TUGU_TB-09.jpg,ALUN_ALUN_TUGU,TB-09,4.9149,3.1071,5.2047,5.6129999999999995
ALUN_ALUN_TUGU_TT-07.jpg,ALUN_ALUN_TUGU,TT-07,5.5756,2.1358,5.6608,6.651999999999999
ALUN_ALUN_TUGU_TT-08.jpg,ALUN_ALUN_TUGU,TT-08,5.157299999999999,3.0436,4.9569,5.673
ALUN_ALUN_TUGU_TT-09.jpg,ALUN_ALUN_TUGU,TT-09,4.4791,2.6014,4.877799999999999,4.822
ALUN_ALUN_TUGU_TS-10.jpg,ALUN_ALUN_TUGU,TS-10,4.9979,2.0532,3.7313,5.680999999999999
ALUN_ALUN_TUGU_TB-11.jpg,ALUN_ALUN_TUGU,TB-11,4.8372,2.8622,4.5306,4.775999999999999
ALUN_ALUN_TUGU_TB-12.jpg,ALUN_ALUN_TUGU,TB-12,5.0418,2.898,4.919700000000001,5.537999999999999
ALUN_ALUN_TUGU_TU-10.jpg,ALUN_ALUN_TUGU,TU-10,5.328799999999999,2.6883000000000004,5.4308000000000005,6.077
ALUN_ALUN_TUGU_TT-11.jpg,ALUN_ALUN_TUGU,TT-11,5.260300000000001,2.8285,5.5354,6.01
ALUN_ALUN_TUGU_TT-12.jpg,ALUN_ALUN_TUGU,TT-12,5.3845,2.6994000000000002,4.8325000000000005,6.436
ALUN_ALUN_TUGU_TB-13.jpg,ALUN_ALUN_TUGU,TB-13,4.968300000000001,2.8397,5.3091,5.906999999999999
ALUN_ALUN_TUGU_TB-14.jpg,ALUN_ALUN_TUGU,TB-14,4.706300000000001,3.4574,4.9988,5.089999999999999
ALUN_ALUN_TUGU_TB-15.jpg,ALUN_ALUN_TUGU,TB-15,4.6809,3.3192,5.088,5.220000000000001
ALUN_ALUN_TUGU_TT-13.jpg,ALUN_ALUN_TUGU,TT-13,5.1969,3.2976,5.3337,5.8950000000000005
ALUN_ALUN_TUGU_TT-14.jpg,ALUN_ALUN_TUGU,TT-14,5.1064,2.7030000000000003,5.6449,6.228999999999999
ALUN_ALUN_TUGU_TT-15.jpg,ALUN_ALUN_TUGU,TT-15,4.9718,2.6399,5.4002,6.068
ALUN_ALUN_TUGU_TB-16.jpg,ALUN_ALUN_TUGU,TB-16,5.0826,2.7818000000000005,5.003400000000001,5.273999999999999
ALUN_ALUN_TUGU_TB-17.jpg,ALUN_ALUN_TUGU,TB-17,3.9049000000000005,3.0125,4.4041,4.242999999999999
ALUN_ALUN_TUGU_TB-18.jpg,ALUN_ALUN_TUGU,TB-18,3.9105000000000003,3.2649999999999997,4.125300000000001,4.17
ALUN_ALUN_TUGU_TT-16.jpg,ALUN_ALUN_TUGU,TT-16,3.1511,2.7538,3.194,3.317
ALUN_ALUN_TUGU_TT-17.jpg,ALUN_ALUN_TUGU,TT-17,4.881,3.0025000000000004,4.5429,5.862
ALUN_ALUN_TUGU_TT-18.jpg,ALUN_ALUN_TUGU,TT-18,5.1878,2.8891999999999998,5.3012,5.798
ALUN_ALUN_TUGU_TB-19.jpg,ALUN_ALUN_TUGU,TB-19,5.0916,2.5313000000000003,4.8636,5.912999999999999
ALUN_ALUN_TUGU_TB-20.jpg,ALUN_ALUN_TUGU,TB-20,5.0013,2.6175,4.8924,6.2700000000000005
ALUN_ALUN_TUGU_SS-01.jpg,ALUN_ALUN_TUGU,SS-01,5.2828,2.8994000000000004,5.335000000000001,5.8629999999999995
ALUN_ALUN_TUGU_TT-19.jpg,ALUN_ALUN_TUGU,TT-19,4.7517,3.4120000000000004,4.937099999999999,4.856999999999999
ALUN_ALUN_TUGU_TT-20.jpg,ALUN_ALUN_TUGU,TT-20,4.7697,2.91,4.4997,4.824
ALUN_ALUN_TUGU_SU-01.jpg,ALUN_ALUN_TUGU,SU-01,4.5369,1.9911999999999999,5.162699999999999,5.411999999999999
ALUN_ALUN_TUGU_SB-02.jpg,ALUN_ALUN_TUGU,SB-02,5.0579,2.082,5.4149,6.037999999999999
ALUN_ALUN_TUGU_SB-03.jpg,ALUN_ALUN_TUGU,SB-03,5.6043,2.0885000000000002,5.5494,6.714
ALUN_ALUN_TUGU_SB-04.jpg,ALUN_ALUN_TUGU,SB-04,5.2839,2.2318000000000002,3.0537,6.017999999999999
ALUN_ALUN_TUGU_ST-02.jpg,ALUN_ALUN_TUGU,ST-02,4.4978,2.0336000000000003,5.1101,5.275999999999999
ALUN_ALUN_TUGU_ST-03.jpg,ALUN_ALUN_TUGU,ST-03,5.303700000000001,2.0193000000000003,5.455500000000001,6.110999999999999
ALUN_ALUN_TUGU_ST-04.jpg,ALUN_ALUN_TUGU,ST-04,5.1457999999999995,2.0695,5.029100000000001,5.860999999999999
ALUN_ALUN_TUGU_SB-05.jpg,ALUN_ALUN_TUGU,SB-05,4.868900000000001,2.1341,2.345,5.581999999999999
ALUN_ALUN_TUGU_SB-06.jpg,ALUN_ALUN_TUGU,SB-06,5.259099999999999,2.3816,5.3731,5.979999999999999
ALUN_ALUN_TUGU_SB-07.jpg,ALUN_ALUN_TUGU,SB-07,4.987,2.4337000000000004,4.378,5.886999999999999
ALUN_ALUN_TUGU_ST-05.jpg,ALUN_ALUN_TUGU,ST-05,4.9338999999999995,1.9812,2.4247,5.6739999999999995
ALUN_ALUN_TUGU_ST-06.jpg,ALUN_ALUN_TUGU,ST-06,4.9049,2.1625,2.3942,5.441
ALUN_ALUN_TUGU_ST-07.jpg,ALUN_ALUN_TUGU,ST-07,4.8552,2.266,4.4946,5.508
ALUN_ALUN_TUGU_SB-08.jpg,ALUN_ALUN_TUGU,SB-08,3.7408,2.1668,4.9288,4.822
ALUN_ALUN_TUGU_BU-01.jpg,ALUN_ALUN_TUGU,BU-01,5.4292,2.3861000000000003,5.5279,6.325
ALUN_ALUN_TUGU_BU-02.jpg,ALUN_ALUN_TUGU,BU-02,4.9888,2.3278000000000003,5.3128,5.781999999999999
ALUN_ALUN_TUGU_ST-08.jpg,ALUN_ALUN_TUGU,ST-08,5.292,2.1409,5.4564,6.843000000000001
ALUN_ALUN_TUGU_BS-01.jpg,ALUN_ALUN_TUGU,BS-01,5.3073,2.2510000000000003,5.4288,6.072
ALUN_ALUN_TUGU_BS-02.jpg,ALUN_ALUN_TUGU,BS-02,5.499899999999999,2.3821000000000003,5.6052,6.513
ALUN_ALUN_TUGU_BU-03.jpg,ALUN_ALUN_TUGU,BU-03,5.2,2.0100000000000002,5.3635,5.911
ALUN_ALUN_TUGU_BU-04.jpg,ALUN_ALUN_TUGU,BU-04,4.811100000000001,2.3825000000000003,5.1489,5.738999999999999
ALUN_ALUN_TUGU_BU-05.jpg,ALUN_ALUN_TUGU,BU-05,4.4033,2.8703000000000003,5.1539,5.453
ALUN_ALUN_TUGU_BS-03.jpg,ALUN_ALUN_TUGU,BS-03,5.362699999999999,2.1692,5.1974,6.017
ALUN_ALUN_TUGU_BS-04.jpg,ALUN_ALUN_TUGU,BS-04,5.6359,2.836,5.914,7.284999999999999
ALUN_ALUN_TUGU_BS-05.jpg,ALUN_ALUN_TUGU,BS-05,5.7276,2.3638000000000003,3.8862,7.2090000000000005
ALUN_ALUN_TUGU_BU-06.jpg,ALUN_ALUN_TUGU,BU-06,5.9514,2.6109999999999998,6.1875,7.935
ALUN_ALUN_TUGU_BU-07.jpg,ALUN_ALUN_TUGU,BU-07,4.6975,2.933,5.3524,5.881
ALUN_ALUN_TUGU_UB-01.jpg,ALUN_ALUN_TUGU,UB-01,5.3066,3.2111000000000005,5.3804,6.302
ALUN_ALUN_TUGU_BS-06.jpg,ALUN_ALUN_TUGU,BS-06,5.4661,3.0291000000000006,5.4523,6.382
ALUN_ALUN_TUGU_BS-07.jpg,ALUN_ALUN_TUGU,BS-07,5.2218,2.7165,5.7084,6.770999999999999
ALUN_ALUN_TUGU_UT-01.png,ALUN_ALUN_TUGU,UT-01,5.5658,2.0535,5.9963,6.425
ALUN_ALUN_TUGU_UB-02.jpg,ALUN_ALUN_TUGU,UB-02,5.3283000000000005,2.9153000000000007,5.6136,6.534000000000001
ALUN_ALUN_TUGU_UB-03.jpg,ALUN_ALUN_TUGU,UB-03,4.4966,2.7215,5.2214,5.593999999999999
ALUN_ALUN_TUGU_UB-04.jpg,ALUN_ALUN_TUGU,UB-04,4.8835999999999995,2.6254,5.350099999999999,5.753
ALUN_ALUN_TUGU_UT-02.jpg,ALUN_ALUN_TUGU,UT-02,5.2155000000000005,2.4600000000000004,2.5455000000000005,5.648999999999999
ALUN_ALUN_TUGU_UT-03.jpg,ALUN_ALUN_TUGU,UT-03,5.771800000000001,2.2526,5.3917,6.877
ALUN_ALUN_TUGU_UT-04.jpg,ALUN_ALUN_TUGU,UT-04,5.5139000000000005,2.0861,6.0043999999999995,7.511
ALUN_ALUN_TUGU_UB-05.jpg,ALUN_ALUN_TUGU,UB-05,4.900499999999999,2.2153,3.0297,5.766
ALUN_ALUN_TUGU_UB-06.jpg,ALUN_ALUN_TUGU,UB-06,4.2176,2.011,4.7357,4.342999999999999
ALUN_ALUN_TUGU_UB-07.jpg,ALUN_ALUN_TUGU,UB-07,4.455,2.2701000000000002,4.484700000000001,4.629
ALUN_ALUN_TUGU_UT-05.jpg,ALUN_ALUN_TUGU,UT-05,5.9657,2.7619,4.6949,7.712000000000001
ALUN_ALUN_TUGU_UT-06.jpg,ALUN_ALUN_TUGU,UT-06,5.3247,2.5439,5.4354,6.281999999999999
ALUN_ALUN_TUGU_UT-07.jpg,ALUN_ALUN_TUGU,UT-07,5.4079,2.5362,5.490399999999999,6.225999999999999
ALUN_ALUN_MERDEKA_BU-01.jpg,ALUN_ALUN_MERDEKA,BU-01,4.5812,2.3349,5.1671000000000005,5.414
ALUN_ALUN_MERDEKA_BU-02.jpg,ALUN_ALUN_MERDEKA,BU-02,5.8625,2.3995,5.921600000000001,7.304
ALUN_ALUN_MERDEKA_BU-03.jpg,ALUN_ALUN_MERDEKA,BU-03,5.259600000000001,2.7809999999999997,5.585100000000001,6.429
ALUN_ALUN_MERDEKA_BS-01.jpg,ALUN_ALUN_MERDEKA,BS-01,4.9366,2.883,5.253100000000001,5.6739999999999995
ALUN_ALUN_MERDEKA_BS-02.jpg,ALUN_ALUN_MERDEKA,BS-02,5.891,2.7315,5.9072000000000005,7.268000000000001
ALUN_ALUN_MERDEKA_BS-03.jpg,ALUN_ALUN_MERDEKA,BS-03,5.117700000000001,2.2907,5.3868,5.9670000000000005
ALUN_ALUN_MERDEKA_BS-04.jpg,ALUN_ALUN_MERDEKA,BS-04,5.5831,2.8905000000000003,5.6281,6.616
ALUN_ALUN_MERDEKA_BS-05.jpg,ALUN_ALUN_MERDEKA,BS-05,5.6078,2.7232999999999996,5.925199999999999,7.313
ALUN_ALUN_MERDEKA_BS-06.jpg,ALUN_ALUN_MERDEKA,BS-06,5.1335,2.9649,5.6024,6.506
ALUN_ALUN_MERDEKA_BU-04.jpg,ALUN_ALUN_MERDEKA,BU-04,5.5128,3.2369999999999997,5.6064,6.516
ALUN_ALUN_MERDEKA_BU-05.jpg,ALUN_ALUN_MERDEKA,BU-05,5.416199999999999,2.937,5.7732,6.933
ALUN_ALUN_MERDEKA_BU-06.jpg,ALUN_ALUN_MERDEKA,BU-06,4.0077,2.4135,4.777200000000001,4.443
ALUN_ALUN_MERDEKA_SB-01.jpg,ALUN_ALUN_MERDEKA,SB-01,4.8729,2.3561,5.2551000000000005,5.642999999999999
ALUN_ALUN_MERDEKA_ST-01.jpg,ALUN_ALUN_MERDEKA,ST-01,4.3354,2.8776,4.8915999999999995,4.728999999999999
ALUN_ALUN_MERDEKA_SB-02.jpg,ALUN_ALUN_MERDEKA,SB-02,5.3604,3.1875,5.5775999999999994,6.444
ALUN_ALUN_MERDEKA_ST-02.jpg,ALUN_ALUN_MERDEKA,ST-02,4.7869,2.6548000000000003,5.3332,5.833
ALUN_ALUN_MERDEKA_SB-03.jpg,ALUN_ALUN_MERDEKA,SB-03,5.2805,3.1204,5.5150999999999994,6.295999999999999
ALUN_ALUN_MERDEKA_ST-03.jpg,ALUN_ALUN_MERDEKA,ST-03,4.8431,3.3519999999999994,5.2856000000000005,5.714
ALUN_ALUN_MERDEKA_SB-04.jpg,ALUN_ALUN_MERDEKA,SB-04,4.9395,2.2754000000000003,5.2728,5.682
ALUN_ALUN_MERDEKA_ST-04.jpg,ALUN_ALUN_MERDEKA,ST-04,5.158499999999999,2.1509000000000005,5.239199999999999,5.597999999999999
ALUN_ALUN_MERDEKA_SB-05.jpg,ALUN_ALUN_MERDEKA,SB-05,5.7112,2.8609999999999998,5.8768,7.192
ALUN_ALUN_MERDEKA_ST-05.jpg,ALUN_ALUN_MERDEKA,ST-05,4.3367,3.195,5.024,5.0600000000000005
ALUN_ALUN_MERDEKA_SB-06.jpg,ALUN_ALUN_MERDEKA,SB-06,5.2705,3.186,5.5804,6.4510000000000005
ALUN_ALUN_MERDEKA_ST-06.jpg,ALUN_ALUN_MERDEKA,ST-06,5.9579,3.2521,5.950699999999999,7.397
ALUN_ALUN_MERDEKA_TS-01.jpg,ALUN_ALUN_MERDEKA,TS-01,5.4244,3.2653999999999996,5.4385,6.295
ALUN_ALUN_MERDEKA_TU-01.jpg,ALUN_ALUN_MERDEKA,TU-01,4.5221,2.5639000000000003,5.0597,5.186
ALUN_ALUN_MERDEKA_TS-02.jpg,ALUN_ALUN_MERDEKA,TS-02,4.8403,3.2908,5.2966,5.743
ALUN_ALUN_MERDEKA_TU-02.jpg,ALUN_ALUN_MERDEKA,TU-02,5.055899999999999,2.311,5.142,5.354999999999999
ALUN_ALUN_MERDEKA_TS-03.jpg,ALUN_ALUN_MERDEKA,TS-03,4.918,3.2092,5.236,5.589999999999999
ALUN_ALUN_MERDEKA_TU-03.jpg,ALUN_ALUN_MERDEKA,TU-03,5.358700000000001,2.3832,5.3035,6.325
ALUN_ALUN_MERDEKA_TS-04.jpg,ALUN_ALUN_MERDEKA,TS-04,5.2835,3.2848000000000006,5.4941,6.289999999999999
ALUN_ALUN_MERDEKA_TU-04.jpg,ALUN_ALUN_MERDEKA,TU-04,4.886100000000001,2.2671,5.110200000000001,5.2170000000000005
ALUN_ALUN_MERDEKA_TS-05.jpg,ALUN_ALUN_MERDEKA,TS-05,4.215,3.2283,4.8456,4.614
ALUN_ALUN_MERDEKA_TU-05.jpg,ALUN_ALUN_MERDEKA,TU-05,5.5434,2.8352,5.7045,6.945
ALUN_ALUN_MERDEKA_TS-06.jpg,ALUN_ALUN_MERDEKA,TS-06,5.9835,2.9549,6.0234000000000005,7.587000000000001
ALUN_ALUN_MERDEKA_TU-06.jpg,ALUN_ALUN_MERDEKA,TU-06,5.2164,2.1948000000000003,5.0643,5.781000000000001
ALUN_ALUN_MERDEKA_UT-02.jpg,ALUN_ALUN_MERDEKA,UT-02,5.1034999999999995,2.6195,5.614400000000001,6.536
ALUN_ALUN_MERDEKA_UT-01.jpg,ALUN_ALUN_MERDEKA,UT-01,6.0143,2.7443999999999997,5.9015,7.589
ALUN_ALUN_MERDEKA_UB-01.jpg,ALUN_ALUN_MERDEKA,UB-01,5.214799999999999,2.732,5.6408000000000005,6.6019999999999985
ALUN_ALUN_MERDEKA_UB-02.jpg,ALUN_ALUN_MERDEKA,UB-02,5.8125,2.1395,5.8944,7.235999999999999
ALUN_ALUN_MERDEKA_UB-03.jpg,ALUN_ALUN_MERDEKA,UB-03,5.021000000000001,3.0255,5.2856000000000005,5.714
ALUN_ALUN_MERDEKA_UT-03.jpg,ALUN_ALUN_MERDEKA,UT-03,5.759100000000001,2.5386,6.0075,7.629
ALUN_ALUN_MERDEKA_UB-04.jpg,ALUN_ALUN_MERDEKA,UB-04,5.7861,2.5203,6.010800000000001,7.526999999999999
ALUN_ALUN_MERDEKA_UB-05.jpg,ALUN_ALUN_MERDEKA,UB-05,5.7555000000000005,2.776,5.898000000000001,7.244999999999999
ALUN_ALUN_MERDEKA_UT-05.jpg,ALUN_ALUN_MERDEKA,UT-05,5.6668,2.6525,5.9344,7.336
ALUN_ALUN_MERDEKA_UT-04.jpg,ALUN_ALUN_MERDEKA,UT-04,5.3925,3.1296,5.5842,6.636
